{"type":"FeatureCollection","features":[{"type":"Feature","properties":{"jurisdiction":"Chesterfield","jur_key":"chesterfield"},"geometry":{"type":"Polygon","coordinates":[[[-77.67581,37.29275],[-77.67797,37.29269],[-77.68053,37.2924],[-77.68175,37.29212],[-77.68241,37.29175],[-77.68287,37.29098],[-77.6833,37.28958],[-77.68391,37.286],[-77.68482,37.28455],[-77.68569,37.2835],[-77.68703,37.28243],[-77.68763,37.28213],[-77.68857,37.28198],[-77.69109,37.28179],[-77.69196,37.28152],[-77.69256,37.28145],[-77.69303,37.28156],[-77.69446,37.28324],[-77.69658,37.28583],[-77.69761,37.28698],[-77.6981,37.2877],[-77.69891,37.29007],[-77.69949,37.29199],[-77.70149,37.29613],[-77.70345,37.29821],[-77.70462,37.29868],[-77.70583,37.29947],[-77.7064,37.29973],[-77.70734,37.29997],[-77.7088,37.30008],[-77.71169,37.29983],[-77.71292,37.29946],[-77.71378,37.29903],[-77.71514,37.29798],[-77.7158,37.29738],[-77.71621,37.29688],[-77.71697,37.29543],[-77.71742,37.29409],[-77.71762,37.2931],[-77.71766,37.29238],[-77.71759,37.29099],[-77.71729,37.28996],[-77.71689,37.28932],[-77.71586,37.28821],[-77.7156,37.28741],[-77.71588,37.28665],[-77.71655,37.28581],[-77.71744,37.28486],[-77.71874,37.28393],[-77.72001,37.28332],[-77.7205,37.28321],[-77.72123,37.28325],[-77.72222,37.28355],[-77.72527,37.28474],[-77.72643,37.2851],[-77.72784,37.28579],[-77.72914,37.28595],[-77.73034,37.2858],[-77.73244,37.28536],[-77.73383,37.28499],[-77.73491,37.28457],[-77.73552,37.28419],[-77.73578,37.28387],[-77.73597,37.28328],[-77.7361,37.27959],[-77.73649,37.27729],[-77.73682,37.27654],[-77.73728,37.27595],[-77.73831,37.27426],[-77.7385,37.27312],[-77.73838,37.27249],[-77.73794,37.27162],[-77.73787,37.27099],[-77.73802,37.27036],[-77.7385,37.26974],[-77.73979,37.26866],[-77.74129,37.26784],[-77.74212,37.26749],[-77.74333,37.26709],[-77.74451,37.26684],[-77.7456,37.26693],[-77.7476,37.26749],[-77.74889,37.26769],[-77.7508,37.26789],[-77.75105,37.26782],[-77.7523,37.26783],[-77.75358,37.26791],[-77.75862,37.26872],[-77.75957,37.26901],[-77.76096,37.26958],[-77.76211,37.26998],[-77.76355,37.27074],[-77.76463,37.2716],[-77.76612,37.27309],[-77.76674,37.27359],[-77.76799,37.27509],[-77.76829,37.27593],[-77.76841,37.27734],[-77.76825,37.27891],[-77.76822,37.27978],[-77.76833,37.28045],[-77.76835,37.28133],[-77.76849,37.28244],[-77.76911,37.28442],[-77.76943,37.28498],[-77.77064,37.28611],[-77.77108,37.2864],[-77.77259,37.28761],[-77.774,37.28848],[-77.77514,37.28909],[-77.77639,37.29008],[-77.7778,37.29109],[-77.77884,37.29198],[-77.77928,37.29244],[-77.78029,37.29325],[-77.78163,37.29418],[-77.78236,37.2948],[-77.7838,37.29553],[-77.78486,37.29649],[-77.78513,37.29653],[-77.78598,37.29706],[-77.78788,37.29782],[-77.78853,37.298],[-77.78919,37.29831],[-77.7901,37.2986],[-77.79203,37.29904],[-77.79391,37.29932],[-77.79608,37.29936],[-77.79643,37.29927],[-77.79714,37.29938],[-77.79863,37.29993],[-77.80205,37.30168],[-77.80345,37.30259],[-77.80411,37.30291],[-77.80491,37.30343],[-77.80587,37.30387],[-77.80675,37.30453],[-77.80704,37.30532],[-77.80742,37.30697],[-77.80756,37.30827],[-77.8078,37.30958],[-77.80847,37.31099],[-77.80879,37.31231],[-77.80899,37.31412],[-77.80901,37.31536],[-77.80886,37.31599],[-77.80812,37.31671],[-77.80716,37.31722],[-77.80604,37.31763],[-77.80448,37.31831],[-77.80341,37.31851],[-77.80168,37.31844],[-77.80124,37.31862],[-77.80085,37.3191],[-77.80026,37.32014],[-77.80008,37.32069],[-77.79958,37.3216],[-77.79898,37.32213],[-77.79875,37.32249],[-77.79813,37.32312],[-77.79697,37.32371],[-77.79625,37.32397],[-77.79602,37.32433],[-77.79595,37.32483],[-77.79614,37.32555],[-77.79653,37.32595],[-77.79758,37.32631],[-77.79841,37.32706],[-77.79869,37.32764],[-77.79857,37.3285],[-77.79716,37.32988],[-77.79693,37.33025],[-77.79636,37.33216],[-77.79651,37.33269],[-77.79746,37.33371],[-77.79861,37.33432],[-77.80053,37.33465],[-77.80234,37.3354],[-77.80315,37.33548],[-77.8042,37.33521],[-77.80523,37.33533],[-77.80601,37.33574],[-77.80672,37.33624],[-77.80711,37.33638],[-77.80824,37.33651],[-77.80926,37.33649],[-77.8098,37.33657],[-77.8111,37.33658],[-77.81154,37.33665],[-77.81262,37.33663],[-77.81387,37.33682],[-77.81504,37.33736],[-77.81667,37.3379],[-77.8175,37.3381],[-77.82098,37.33848],[-77.82287,37.33855],[-77.82581,37.33848],[-77.82764,37.33858],[-77.829,37.33817],[-77.83258,37.33795],[-77.83539,37.33841],[-77.83735,37.33838],[-77.83828,37.33856],[-77.83887,37.33879],[-77.83938,37.33916],[-77.84028,37.34002],[-77.84102,37.34043],[-77.84202,37.34109],[-77.84326,37.34168],[-77.84465,37.34247],[-77.8465,37.34322],[-77.84822,37.34417],[-77.84994,37.34472],[-77.85054,37.3451],[-77.85116,37.34578],[-77.85182,37.34668],[-77.85238,37.34764],[-77.85272,37.34889],[-77.85268,37.34997],[-77.85256,37.35104],[-77.8521,37.3529],[-77.85184,37.35356],[-77.85173,37.35419],[-77.8518,37.35487],[-77.85201,37.35572],[-77.85249,37.35638],[-77.85284,37.35665],[-77.8537,37.35696],[-77.85448,37.35737],[-77.85586,37.35834],[-77.85664,37.35875],[-77.85732,37.35922],[-77.85807,37.35991],[-77.85925,37.36082],[-77.85961,37.36102],[-77.86095,37.3622],[-77.86187,37.3626],[-77.86376,37.3629],[-77.86728,37.363],[-77.86897,37.36294],[-77.87104,37.36278],[-77.87379,37.36238],[-77.87489,37.36256],[-77.87548,37.36299],[-77.8766,37.36429],[-77.87717,37.36517],[-77.87756,37.36625],[-77.87736,37.36724],[-77.87687,37.36829],[-77.87657,37.36948],[-77.87674,37.37125],[-77.87713,37.37336],[-77.87721,37.37445],[-77.87686,37.37534],[-77.87679,37.37635],[-77.87667,37.37684],[-77.87683,37.37807],[-77.87753,37.37959],[-77.87827,37.38185],[-77.87842,37.38274],[-77.87823,37.38351],[-77.87783,37.38421],[-77.87704,37.38515],[-77.87627,37.38583],[-77.87539,37.38617],[-77.87464,37.38663],[-77.87434,37.38749],[-77.87437,37.38775],[-77.87409,37.38887],[-77.87346,37.3899],[-77.8733,37.39057],[-77.87329,37.39137],[-77.87317,37.39186],[-77.87269,37.39211],[-77.87143,37.39192],[-77.87004,37.39135],[-77.86937,37.39125],[-77.86858,37.39146],[-77.86801,37.39175],[-77.86755,37.39221],[-77.8674,37.39284],[-77.86739,37.39382],[-77.86778,37.3945],[-77.86979,37.39688],[-77.87041,37.3974],[-77.8712,37.39832],[-77.87181,37.39943],[-77.8718,37.4006],[-77.87166,37.40119],[-77.87172,37.40207],[-77.87199,37.40266],[-77.87221,37.40364],[-77.87214,37.40414],[-77.87246,37.40564],[-77.87301,37.40663],[-77.87353,37.40733],[-77.87392,37.4084],[-77.87413,37.40942],[-77.87436,37.41],[-77.87441,37.41055],[-77.87488,37.41168],[-77.87511,37.41369],[-77.87544,37.41534],[-77.87549,37.41602],[-77.87509,37.41714],[-77.87441,37.41771],[-77.87334,37.41828],[-77.87259,37.41849],[-77.87189,37.41837],[-77.87091,37.41777],[-77.86885,37.41727],[-77.86773,37.41728],[-77.86691,37.4172],[-77.86582,37.41674],[-77.86428,37.41622],[-77.8632,37.41569],[-77.86158,37.41526],[-77.86087,37.41516],[-77.85946,37.41465],[-77.85874,37.41454],[-77.85818,37.41475],[-77.85699,37.41541],[-77.85601,37.41711],[-77.85509,37.41785],[-77.85515,37.41836],[-77.85419,37.41835],[-77.85338,37.41855],[-77.85332,37.41805],[-77.85272,37.41759],[-77.85234,37.41778],[-77.85157,37.41716],[-77.85115,37.41717],[-77.85099,37.41693],[-77.85111,37.41615],[-77.85058,37.41609],[-77.85019,37.41589],[-77.84963,37.41525],[-77.84905,37.41486],[-77.84881,37.41486],[-77.84847,37.41538],[-77.848,37.41511],[-77.84768,37.41519],[-77.84673,37.41512],[-77.84647,37.41563],[-77.8454,37.41644],[-77.84538,37.41695],[-77.84429,37.4177],[-77.84394,37.41843],[-77.84344,37.41853],[-77.84299,37.41895],[-77.84236,37.41839],[-77.84193,37.41854],[-77.84138,37.41847],[-77.84075,37.41822],[-77.84035,37.4182],[-77.83909,37.41931],[-77.83848,37.41953],[-77.83791,37.42025],[-77.83687,37.42093],[-77.83618,37.42114],[-77.8352,37.42179],[-77.83468,37.42232],[-77.83316,37.4228],[-77.83219,37.42256],[-77.83033,37.4224],[-77.82805,37.42244],[-77.82761,37.42252],[-77.8267,37.42245],[-77.82567,37.42274],[-77.82418,37.42285],[-77.82374,37.42271],[-77.82306,37.42302],[-77.81974,37.42383],[-77.81856,37.42387],[-77.81709,37.42418],[-77.81638,37.42447],[-77.81553,37.42505],[-77.81377,37.42543],[-77.81208,37.42585],[-77.8103,37.42591],[-77.80975,37.42612],[-77.80919,37.42611],[-77.80827,37.42679],[-77.80796,37.42742],[-77.80798,37.42953],[-77.8086,37.42985],[-77.80854,37.43019],[-77.8079,37.43037],[-77.80736,37.43075],[-77.80641,37.4317],[-77.80604,37.43265],[-77.80608,37.43306],[-77.80553,37.43368],[-77.80493,37.43468],[-77.80493,37.43498],[-77.80526,37.43562],[-77.80561,37.43571],[-77.80522,37.43707],[-77.80499,37.43763],[-77.80439,37.43835],[-77.80274,37.44001],[-77.80197,37.44114],[-77.80059,37.44287],[-77.79993,37.44348],[-77.79956,37.44407],[-77.7988,37.44489],[-77.79851,37.4455],[-77.79849,37.44631],[-77.79879,37.44687],[-77.79885,37.4475],[-77.79779,37.44987],[-77.79751,37.45104],[-77.79754,37.45223],[-77.79744,37.45306],[-77.79771,37.45401],[-77.79751,37.45442],[-77.79775,37.45475],[-77.79769,37.45502],[-77.79796,37.45567],[-77.79783,37.45625],[-77.79799,37.45672],[-77.79777,37.45689],[-77.79761,37.45745],[-77.79784,37.45896],[-77.77762,37.47362],[-77.76262,37.48449],[-77.75722,37.48835],[-77.74972,37.49379],[-77.74972,37.49358],[-77.74787,37.49468],[-77.7428,37.49861],[-77.73274,37.50602],[-77.73238,37.50621],[-77.72433,37.51179],[-77.71587,37.51786],[-77.70765,37.52407],[-77.70644,37.52496],[-77.70062,37.52916],[-77.69659,37.53205],[-77.69476,37.53332],[-77.69085,37.53619],[-77.68737,37.53869],[-77.68301,37.54178],[-77.67944,37.54424],[-77.67626,37.54668],[-77.67261,37.54915],[-77.66853,37.55204],[-77.66533,37.55455],[-77.66294,37.55626],[-77.65624,37.56085],[-77.6554,37.56399],[-77.65295,37.56162],[-77.65157,37.56067],[-77.65104,37.56049],[-77.64984,37.55984],[-77.64924,37.55961],[-77.64773,37.55931],[-77.64491,37.55907],[-77.64363,37.55904],[-77.64274,37.55918],[-77.63929,37.55928],[-77.63728,37.55916],[-77.63464,37.55881],[-77.63171,37.55812],[-77.62966,37.55768],[-77.62846,37.55738],[-77.62644,37.55695],[-77.62462,37.55669],[-77.62285,37.55669],[-77.62143,37.55699],[-77.62055,37.55706],[-77.61871,37.55706],[-77.61748,37.55696],[-77.61514,37.55661],[-77.61429,37.55643],[-77.61403,37.55613],[-77.61369,37.55629],[-77.61293,37.5561],[-77.60895,37.55562],[-77.60774,37.55552],[-77.60595,37.55546],[-77.60533,37.55555],[-77.60255,37.55569],[-77.60212,37.55575],[-77.59794,37.55567],[-77.59546,37.55575],[-77.59557,37.55261],[-77.5957,37.54977],[-77.59585,37.54586],[-77.60117,37.54516],[-77.60048,37.54447],[-77.59993,37.5436],[-77.59899,37.54283],[-77.59923,37.54193],[-77.59911,37.54071],[-77.5978,37.53946],[-77.59759,37.53907],[-77.59727,37.53732],[-77.59636,37.53594],[-77.59685,37.53465],[-77.59321,37.53379],[-77.59277,37.53366],[-77.59245,37.53295],[-77.59171,37.53321],[-77.59044,37.53344],[-77.5892,37.53348],[-77.58836,37.53341],[-77.58102,37.53232],[-77.57955,37.53218],[-77.57793,37.53233],[-77.57144,37.53395],[-77.56925,37.53451],[-77.56776,37.53484],[-77.56638,37.53531],[-77.56558,37.53567],[-77.5637,37.53668],[-77.55861,37.53951],[-77.55694,37.54065],[-77.5559,37.54155],[-77.55452,37.54303],[-77.55251,37.54183],[-77.54914,37.53559],[-77.54504,37.5281],[-77.53644,37.53012],[-77.53585,37.53023],[-77.53327,37.53085],[-77.53228,37.53113],[-77.52886,37.53187],[-77.52865,37.53193],[-77.52856,37.52983],[-77.52847,37.52623],[-77.52847,37.52548],[-77.52842,37.5249],[-77.52838,37.52167],[-77.52824,37.51823],[-77.52794,37.51706],[-77.52746,37.51636],[-77.5274,37.51608],[-77.52671,37.51599],[-77.52702,37.51521],[-77.52765,37.51481],[-77.52793,37.51377],[-77.52791,37.51231],[-77.52776,37.51094],[-77.52749,37.50939],[-77.52765,37.50937],[-77.52734,37.50808],[-77.5268,37.50617],[-77.52585,37.50385],[-77.52497,37.50296],[-77.52413,37.50238],[-77.52379,37.50192],[-77.52318,37.5019],[-77.52314,37.50171],[-77.52341,37.50148],[-77.52372,37.50067],[-77.52375,37.49958],[-77.52328,37.49823],[-77.52172,37.49454],[-77.52038,37.49107],[-77.51944,37.48875],[-77.51702,37.48324],[-77.51597,37.48074],[-77.5153,37.48],[-77.5137,37.47925],[-77.51365,37.47912],[-77.51431,37.47778],[-77.51432,37.47704],[-77.51407,37.47594],[-77.51355,37.47485],[-77.51225,37.47248],[-77.51081,37.47082],[-77.5093,37.46926],[-77.50743,37.46764],[-77.50717,37.4677],[-77.50569,37.46671],[-77.50392,37.46563],[-77.50074,37.46401],[-77.49998,37.46451],[-77.49956,37.4649],[-77.49938,37.46525],[-77.4988,37.46518],[-77.49845,37.46471],[-77.4979,37.46433],[-77.49715,37.46419],[-77.49591,37.46359],[-77.49555,37.46313],[-77.49484,37.46295],[-77.49485,37.46263],[-77.49459,37.46198],[-77.49543,37.46091],[-77.49563,37.46009],[-77.49558,37.4597],[-77.4937,37.46019],[-77.49304,37.45875],[-77.49223,37.45825],[-77.49201,37.45719],[-77.49129,37.45643],[-77.49044,37.45629],[-77.48972,37.45575],[-77.4888,37.45572],[-77.4879,37.45661],[-77.48756,37.45707],[-77.48698,37.45723],[-77.48714,37.4576],[-77.48705,37.45793],[-77.48658,37.45841],[-77.48639,37.45902],[-77.48616,37.4591],[-77.4848,37.45908],[-77.48361,37.45988],[-77.48365,37.4602],[-77.48331,37.46022],[-77.48255,37.46115],[-77.48076,37.46155],[-77.48036,37.46031],[-77.47996,37.45979],[-77.47969,37.45888],[-77.47902,37.45903],[-77.4783,37.45968],[-77.47733,37.46035],[-77.47719,37.46061],[-77.47679,37.4607],[-77.47656,37.46099],[-77.47562,37.46086],[-77.47516,37.46097],[-77.47442,37.46081],[-77.4736,37.46017],[-77.47312,37.46045],[-77.47308,37.46076],[-77.47269,37.46162],[-77.47145,37.46243],[-77.46936,37.46304],[-77.46859,37.46332],[-77.46732,37.46394],[-77.46683,37.46392],[-77.46562,37.46342],[-77.46528,37.46309],[-77.46511,37.46247],[-77.46262,37.46216],[-77.46223,37.46216],[-77.46206,37.4624],[-77.46161,37.46252],[-77.46043,37.46258],[-77.45938,37.46433],[-77.45769,37.46367],[-77.45222,37.46119],[-77.45024,37.4606],[-77.4503,37.46001],[-77.44968,37.45987],[-77.4485,37.45978],[-77.44767,37.45985],[-77.44572,37.46025],[-77.44464,37.46024],[-77.44264,37.46036],[-77.44218,37.46012],[-77.43626,37.45774],[-77.43549,37.45748],[-77.43396,37.4564],[-77.42974,37.45361],[-77.42959,37.45342],[-77.42648,37.45138],[-77.42074,37.44752],[-77.42094,37.4469],[-77.42192,37.44504],[-77.42236,37.44511],[-77.42258,37.44476],[-77.4222,37.44479],[-77.42241,37.44427],[-77.42278,37.44388],[-77.42279,37.44362],[-77.42365,37.44246],[-77.42415,37.44148],[-77.42438,37.44146],[-77.42456,37.44094],[-77.42519,37.44026],[-77.42543,37.43978],[-77.42689,37.43789],[-77.42703,37.43754],[-77.42768,37.43657],[-77.42861,37.43459],[-77.42863,37.43393],[-77.42896,37.43324],[-77.42899,37.43216],[-77.42865,37.4306],[-77.42899,37.43066],[-77.42845,37.42998],[-77.42816,37.42923],[-77.42825,37.42895],[-77.42798,37.42871],[-77.42779,37.428],[-77.4273,37.42688],[-77.42687,37.42615],[-77.42625,37.42542],[-77.4251,37.42437],[-77.42365,37.4235],[-77.4232,37.42332],[-77.42223,37.42273],[-77.42128,37.42232],[-77.42065,37.42182],[-77.41991,37.42153],[-77.41915,37.4215],[-77.41869,37.42128],[-77.41797,37.4214],[-77.41546,37.42147],[-77.41542,37.42122],[-77.41479,37.42085],[-77.41447,37.42043],[-77.41412,37.41973],[-77.41346,37.4199],[-77.41377,37.42101],[-77.41444,37.42161],[-77.41383,37.42169],[-77.41294,37.42162],[-77.41208,37.42175],[-77.41177,37.4219],[-77.41012,37.42228],[-77.40916,37.42259],[-77.40768,37.42283],[-77.4069,37.42306],[-77.4062,37.42306],[-77.40608,37.4228],[-77.40676,37.42242],[-77.40687,37.42169],[-77.40645,37.42077],[-77.40678,37.42007],[-77.40659,37.41982],[-77.40602,37.41962],[-77.40425,37.41841],[-77.40364,37.41788],[-77.40301,37.418],[-77.40234,37.41883],[-77.40221,37.41933],[-77.40171,37.41989],[-77.40157,37.42028],[-77.40171,37.4208],[-77.40257,37.42199],[-77.40312,37.42204],[-77.40362,37.42254],[-77.40409,37.42274],[-77.40461,37.42249],[-77.40526,37.42285],[-77.40561,37.4229],[-77.40572,37.42328],[-77.40448,37.42362],[-77.40428,37.42346],[-77.40307,37.42355],[-77.4029,37.42333],[-77.40165,37.42295],[-77.40059,37.42239],[-77.40029,37.42206],[-77.39908,37.42127],[-77.39875,37.42096],[-77.39831,37.42004],[-77.39801,37.41897],[-77.39762,37.41791],[-77.39722,37.4157],[-77.39697,37.41499],[-77.39671,37.41465],[-77.39668,37.41408],[-77.39638,37.41378],[-77.39656,37.41293],[-77.39626,37.4125],[-77.39611,37.41154],[-77.39605,37.41049],[-77.39578,37.4083],[-77.39593,37.40784],[-77.39566,37.40748],[-77.39707,37.40716],[-77.3968,37.407],[-77.39572,37.40711],[-77.39552,37.40657],[-77.39569,37.40635],[-77.39547,37.40607],[-77.39499,37.40481],[-77.39566,37.40515],[-77.39587,37.4055],[-77.3964,37.40534],[-77.39687,37.40566],[-77.39854,37.40538],[-77.39835,37.40501],[-77.39752,37.40438],[-77.39714,37.40433],[-77.39635,37.40448],[-77.39556,37.40448],[-77.39523,37.40433],[-77.39621,37.40389],[-77.39731,37.40381],[-77.39707,37.4036],[-77.39644,37.40364],[-77.39561,37.40349],[-77.39431,37.40364],[-77.39331,37.40259],[-77.39278,37.4022],[-77.39245,37.4018],[-77.39201,37.40153],[-77.39152,37.40104],[-77.39078,37.40081],[-77.39053,37.4004],[-77.38962,37.40018],[-77.38954,37.39978],[-77.38858,37.39966],[-77.38838,37.3992],[-77.38752,37.39903],[-77.38716,37.39876],[-77.38612,37.39851],[-77.38608,37.39816],[-77.38551,37.39816],[-77.38459,37.39753],[-77.38459,37.39728],[-77.38399,37.39651],[-77.38384,37.39576],[-77.38391,37.39498],[-77.38426,37.39407],[-77.38517,37.39279],[-77.38543,37.39201],[-77.38577,37.39153],[-77.38571,37.39095],[-77.38593,37.39048],[-77.38609,37.38918],[-77.3865,37.38818],[-77.38614,37.38778],[-77.38665,37.38713],[-77.38601,37.38692],[-77.38618,37.38661],[-77.38746,37.38664],[-77.38767,37.38627],[-77.38673,37.38624],[-77.38622,37.38635],[-77.38596,37.38604],[-77.38561,37.38603],[-77.38405,37.38449],[-77.38317,37.38397],[-77.38214,37.38354],[-77.38085,37.38317],[-77.37982,37.38305],[-77.37768,37.38226],[-77.37574,37.3817],[-77.37537,37.3831],[-77.3755,37.38329],[-77.37495,37.38371],[-77.37433,37.38382],[-77.37367,37.3844],[-77.37346,37.38509],[-77.37338,37.38661],[-77.37355,37.38816],[-77.37327,37.3891],[-77.37268,37.3902],[-77.37178,37.39107],[-77.37085,37.39164],[-77.3695,37.39204],[-77.36885,37.39203],[-77.36722,37.39164],[-77.36521,37.39092],[-77.3643,37.39045],[-77.36216,37.38917],[-77.36081,37.38816],[-77.35947,37.38676],[-77.35874,37.38568],[-77.35881,37.38548],[-77.35971,37.38514],[-77.35913,37.38525],[-77.35844,37.38513],[-77.35789,37.38419],[-77.35812,37.38368],[-77.35771,37.38353],[-77.35771,37.38284],[-77.35809,37.38202],[-77.35828,37.38115],[-77.35908,37.38051],[-77.35907,37.37968],[-77.3594,37.37937],[-77.36034,37.37908],[-77.36102,37.37843],[-77.36115,37.3767],[-77.36194,37.37606],[-77.36035,37.37488],[-77.35946,37.37561],[-77.35791,37.37639],[-77.3564,37.37685],[-77.35138,37.37785],[-77.35043,37.37823],[-77.34923,37.37847],[-77.34663,37.37849],[-77.34593,37.37861],[-77.34578,37.37844],[-77.34483,37.37836],[-77.34358,37.37804],[-77.34268,37.3782],[-77.34059,37.37804],[-77.34029,37.37816],[-77.33892,37.37806],[-77.33852,37.37815],[-77.33781,37.37788],[-77.33729,37.37807],[-77.33581,37.37788],[-77.3356,37.37826],[-77.33505,37.37837],[-77.33507,37.37775],[-77.33355,37.37782],[-77.33335,37.37764],[-77.33289,37.37765],[-77.33237,37.37746],[-77.33184,37.37756],[-77.33153,37.37783],[-77.33148,37.37754],[-77.32965,37.37762],[-77.32815,37.3774],[-77.32806,37.37728],[-77.32755,37.37768],[-77.32749,37.37744],[-77.3262,37.3776],[-77.32518,37.37788],[-77.3238,37.37843],[-77.32095,37.37928],[-77.31871,37.38017],[-77.31828,37.38041],[-77.31695,37.38145],[-77.31582,37.38253],[-77.31559,37.38284],[-77.31474,37.38469],[-77.31392,37.38595],[-77.3131,37.38705],[-77.31246,37.3877],[-77.31167,37.38885],[-77.31134,37.38962],[-77.31092,37.39022],[-77.31099,37.39056],[-77.31062,37.39101],[-77.31023,37.39117],[-77.31028,37.39149],[-77.30962,37.39246],[-77.30949,37.39232],[-77.30901,37.39249],[-77.30901,37.3922],[-77.3087,37.39247],[-77.30875,37.39297],[-77.30914,37.39311],[-77.30895,37.39262],[-77.30942,37.39302],[-77.30898,37.39393],[-77.3088,37.39382],[-77.30842,37.39409],[-77.30861,37.39427],[-77.30812,37.39437],[-77.30812,37.39454],[-77.30877,37.39432],[-77.30877,37.39477],[-77.30855,37.39523],[-77.30841,37.39632],[-77.30849,37.39757],[-77.30866,37.39763],[-77.30826,37.39845],[-77.30846,37.39883],[-77.30917,37.39902],[-77.30918,37.39925],[-77.30978,37.4],[-77.30979,37.40022],[-77.30899,37.40025],[-77.30901,37.40059],[-77.30928,37.40047],[-77.30949,37.40127],[-77.30947,37.40244],[-77.30937,37.40294],[-77.30885,37.4036],[-77.30865,37.40402],[-77.30797,37.40467],[-77.30731,37.40508],[-77.30639,37.4055],[-77.30475,37.40594],[-77.30421,37.40594],[-77.30234,37.40575],[-77.30063,37.40524],[-77.29997,37.4051],[-77.29885,37.40439],[-77.29829,37.40378],[-77.29804,37.403],[-77.29808,37.40273],[-77.29847,37.40275],[-77.29797,37.40244],[-77.29786,37.40205],[-77.29766,37.39979],[-77.29744,37.39854],[-77.29732,37.3967],[-77.29763,37.39456],[-77.29794,37.39329],[-77.29817,37.39268],[-77.2982,37.39209],[-77.29848,37.39176],[-77.29884,37.39084],[-77.2988,37.39065],[-77.30004,37.38887],[-77.29989,37.38933],[-77.30024,37.38896],[-77.30117,37.38751],[-77.30168,37.3869],[-77.30264,37.38543],[-77.30331,37.38457],[-77.3053,37.38186],[-77.3048,37.38145],[-77.30522,37.3807],[-77.30542,37.38009],[-77.30636,37.38044],[-77.30628,37.38001],[-77.30574,37.3798],[-77.30612,37.37935],[-77.30607,37.37883],[-77.30634,37.37846],[-77.30713,37.37769],[-77.30773,37.37734],[-77.30796,37.37662],[-77.30848,37.37558],[-77.30884,37.37517],[-77.30999,37.37449],[-77.31153,37.37328],[-77.31132,37.37261],[-77.31139,37.37233],[-77.31117,37.37123],[-77.31128,37.37083],[-77.31099,37.37008],[-77.31114,37.36849],[-77.31081,37.36687],[-77.31075,37.36578],[-77.3103,37.36528],[-77.31006,37.36482],[-77.30979,37.36396],[-77.30919,37.36273],[-77.30844,37.3622],[-77.30802,37.36141],[-77.3074,37.36085],[-77.30668,37.36],[-77.30537,37.35908],[-77.30513,37.3586],[-77.30379,37.35793],[-77.30239,37.3574],[-77.30082,37.35662],[-77.29766,37.35545],[-77.29607,37.35481],[-77.29447,37.35425],[-77.29352,37.35372],[-77.29283,37.35344],[-77.29175,37.35329],[-77.2908,37.35296],[-77.28936,37.35265],[-77.28785,37.35221],[-77.28646,37.35197],[-77.28504,37.35199],[-77.28334,37.35206],[-77.28223,37.35196],[-77.28141,37.35209],[-77.27971,37.35206],[-77.27826,37.35234],[-77.27708,37.35223],[-77.27263,37.35326],[-77.27303,37.35372],[-77.27273,37.35386],[-77.27138,37.35478],[-77.2697,37.3562],[-77.26826,37.35789],[-77.26784,37.35854],[-77.26741,37.35945],[-77.26703,37.36071],[-77.26701,37.36234],[-77.26723,37.36413],[-77.26725,37.36478],[-77.26761,37.36696],[-77.26753,37.36734],[-77.26767,37.36823],[-77.26787,37.3704],[-77.2679,37.37139],[-77.26779,37.37168],[-77.26779,37.37251],[-77.26753,37.37349],[-77.267,37.37468],[-77.26647,37.37548],[-77.26623,37.37555],[-77.26589,37.37604],[-77.26556,37.37591],[-77.2652,37.37648],[-77.26432,37.37647],[-77.26414,37.37678],[-77.26393,37.37667],[-77.26354,37.37719],[-77.26306,37.37743],[-77.26201,37.37756],[-77.26278,37.37782],[-77.26382,37.37829],[-77.26299,37.37862],[-77.2625,37.37866],[-77.26161,37.37892],[-77.26122,37.37921],[-77.25962,37.3795],[-77.25909,37.37944],[-77.25857,37.37964],[-77.2575,37.37965],[-77.25659,37.37977],[-77.25618,37.37965],[-77.25689,37.37952],[-77.25782,37.37915],[-77.25678,37.37924],[-77.25628,37.37941],[-77.25574,37.37919],[-77.25534,37.37872],[-77.25538,37.37839],[-77.25504,37.37801],[-77.2547,37.37789],[-77.25505,37.3785],[-77.255,37.37914],[-77.25368,37.37913],[-77.25157,37.37935],[-77.25072,37.38097],[-77.25035,37.38141],[-77.24966,37.382],[-77.24858,37.3815],[-77.24782,37.38078],[-77.24694,37.3796],[-77.24644,37.37869],[-77.24615,37.37793],[-77.2461,37.377],[-77.24593,37.37589],[-77.24532,37.37438],[-77.24494,37.37319],[-77.24427,37.37056],[-77.24417,37.36927],[-77.24484,37.36707],[-77.24569,37.36505],[-77.24779,37.3609],[-77.24902,37.35926],[-77.2497,37.35888],[-77.26459,37.34405],[-77.26711,37.34005],[-77.2679,37.33695],[-77.27157,37.32656],[-77.27067,37.32076],[-77.27159,37.32101],[-77.27269,37.32109],[-77.27383,37.32101],[-77.28074,37.31946],[-77.28195,37.31901],[-77.28252,37.3186],[-77.28266,37.31808],[-77.28226,37.31506],[-77.28227,37.3142],[-77.28253,37.31375],[-77.28296,37.31343],[-77.28402,37.31301],[-77.28728,37.31685],[-77.28765,37.31575],[-77.28802,37.3154],[-77.28876,37.31492],[-77.28941,37.31468],[-77.28984,37.31388],[-77.29106,37.31325],[-77.29208,37.31294],[-77.29316,37.31275],[-77.29389,37.31267],[-77.29617,37.31262],[-77.2965,37.31266],[-77.29617,37.31141],[-77.29646,37.31135],[-77.29623,37.31022],[-77.29552,37.31001],[-77.29525,37.30958],[-77.29566,37.30946],[-77.29623,37.30958],[-77.29695,37.31016],[-77.29708,37.31047],[-77.29761,37.31254],[-77.30054,37.31235],[-77.30224,37.31212],[-77.30471,37.31173],[-77.30738,37.31119],[-77.3094,37.31074],[-77.31075,37.31039],[-77.31309,37.30964],[-77.31462,37.30904],[-77.31671,37.30856],[-77.31771,37.30841],[-77.31908,37.30833],[-77.32081,37.30842],[-77.32195,37.30855],[-77.32309,37.30844],[-77.32365,37.30851],[-77.32436,37.30877],[-77.32652,37.30999],[-77.32853,37.31084],[-77.33011,37.31135],[-77.33194,37.31232],[-77.33311,37.31314],[-77.33471,37.3144],[-77.33501,37.31456],[-77.33567,37.31304],[-77.3369,37.31375],[-77.33781,37.31436],[-77.33821,37.31477],[-77.3386,37.31496],[-77.33967,37.31509],[-77.34097,37.3149],[-77.34441,37.31423],[-77.34682,37.31359],[-77.34769,37.31327],[-77.34973,37.31228],[-77.35033,37.31193],[-77.35252,37.31016],[-77.35285,37.30962],[-77.353,37.30879],[-77.35316,37.30562],[-77.35353,37.30396],[-77.35353,37.3037],[-77.35298,37.30277],[-77.3529,37.30223],[-77.35268,37.29914],[-77.35271,37.29796],[-77.3533,37.29605],[-77.35373,37.29501],[-77.35423,37.29404],[-77.35445,37.29319],[-77.35484,37.29212],[-77.35538,37.28977],[-77.35577,37.28856],[-77.35598,37.28727],[-77.35604,37.28578],[-77.35658,37.28312],[-77.35708,37.28166],[-77.35757,37.2805],[-77.35825,37.27945],[-77.35878,37.2789],[-77.36046,37.27733],[-77.36194,37.27638],[-77.36465,37.2749],[-77.36705,37.2737],[-77.36882,37.27261],[-77.37005,37.27141],[-77.37132,37.27007],[-77.37218,37.26927],[-77.37297,37.26825],[-77.37373,37.26695],[-77.37433,37.26501],[-77.37517,37.26297],[-77.37582,37.26163],[-77.37645,37.2593],[-77.37738,37.25554],[-77.37751,37.25295],[-77.37746,37.25156],[-77.37704,37.24965],[-77.37689,37.24849],[-77.37687,37.24632],[-77.37673,37.24499],[-77.37678,37.24485],[-77.37702,37.24426],[-77.37841,37.24285],[-77.38129,37.24057],[-77.3829,37.23958],[-77.38386,37.23891],[-77.38577,37.23819],[-77.38707,37.23813],[-77.38921,37.23812],[-77.38961,37.23805],[-77.38978,37.23847],[-77.38959,37.23867],[-77.38996,37.23967],[-77.39535,37.23809],[-77.39604,37.23789],[-77.40174,37.23905],[-77.40278,37.23709],[-77.40273,37.23607],[-77.40341,37.23657],[-77.40239,37.23819],[-77.40367,37.23735],[-77.40333,37.23772],[-77.40324,37.23833],[-77.4021,37.23952],[-77.40055,37.24015],[-77.39942,37.24023],[-77.39862,37.23971],[-77.39601,37.23938],[-77.39544,37.23938],[-77.39421,37.23952],[-77.39386,37.23989],[-77.39206,37.24085],[-77.39136,37.24095],[-77.3857,37.24116],[-77.38495,37.24133],[-77.38369,37.24199],[-77.38252,37.24284],[-77.38161,37.24378],[-77.38091,37.24462],[-77.38029,37.24554],[-77.37982,37.24687],[-77.37948,37.24848],[-77.37951,37.25],[-77.37963,37.25032],[-77.37973,37.25266],[-77.37959,37.25341],[-77.37944,37.25562],[-77.37945,37.25717],[-77.3796,37.25767],[-77.3796,37.25858],[-77.37951,37.2593],[-77.37927,37.25997],[-77.37917,37.26109],[-77.37933,37.2622],[-77.37935,37.26321],[-77.37946,37.26449],[-77.37939,37.26506],[-77.37942,37.26628],[-77.37919,37.26758],[-77.37886,37.26819],[-77.37795,37.26949],[-77.3776,37.27036],[-77.37749,37.27101],[-77.3778,37.27057],[-77.37808,37.27046],[-77.37729,37.27157],[-77.37649,37.27291],[-77.37579,37.2739],[-77.37548,37.27456],[-77.37456,37.27534],[-77.37375,37.27552],[-77.37348,37.27568],[-77.37324,37.27615],[-77.37294,37.27634],[-77.37238,37.27642],[-77.36959,37.27752],[-77.36866,37.27806],[-77.36804,37.27811],[-77.36696,37.27842],[-77.36647,37.27884],[-77.36428,37.28029],[-77.36397,37.28032],[-77.36332,37.28094],[-77.36232,37.28216],[-77.36213,37.28358],[-77.36237,37.28386],[-77.36228,37.28409],[-77.36256,37.28455],[-77.36252,37.28502],[-77.36334,37.2857],[-77.36389,37.28651],[-77.36498,37.28733],[-77.36528,37.2884],[-77.3651,37.28939],[-77.36436,37.29034],[-77.36442,37.29073],[-77.36509,37.29201],[-77.36566,37.2926],[-77.36803,37.29464],[-77.36839,37.2955],[-77.36816,37.29675],[-77.36811,37.29778],[-77.3682,37.29855],[-77.3728,37.29695],[-77.3736,37.29575],[-77.37504,37.2927],[-77.37552,37.29127],[-77.37649,37.2897],[-77.37696,37.28747],[-77.37754,37.28586],[-77.37829,37.28451],[-77.37911,37.28406],[-77.3817,37.28474],[-77.38249,37.28512],[-77.38359,37.28525],[-77.386,37.28661],[-77.38658,37.28672],[-77.38892,37.28735],[-77.38915,37.28736],[-77.38938,37.28737],[-77.39033,37.2872],[-77.39099,37.28655],[-77.39124,37.28544],[-77.39194,37.2844],[-77.39161,37.28361],[-77.39156,37.28321],[-77.39172,37.28269],[-77.39205,37.28262],[-77.3932,37.28272],[-77.39451,37.28307],[-77.39581,37.28378],[-77.39744,37.28391],[-77.39866,37.28369],[-77.40016,37.28326],[-77.40109,37.28284],[-77.40189,37.28203],[-77.40302,37.28009],[-77.40281,37.27938],[-77.40246,37.27905],[-77.4019,37.27883],[-77.4017,37.27792],[-77.40233,37.27754],[-77.40246,37.27716],[-77.40195,37.27666],[-77.40133,37.27638],[-77.3998,37.27621],[-77.39841,37.27572],[-77.39808,37.27551],[-77.398,37.27518],[-77.39831,37.27448],[-77.39822,37.27327],[-77.39838,37.27283],[-77.39876,37.27233],[-77.39965,37.2719],[-77.40076,37.27169],[-77.40159,37.27162],[-77.403,37.27163],[-77.40367,37.27191],[-77.404,37.27241],[-77.40477,37.27277],[-77.4056,37.27341],[-77.40597,37.27398],[-77.40667,37.27446],[-77.40709,37.27531],[-77.40757,37.27763],[-77.40762,37.27901],[-77.40803,37.27991],[-77.40877,37.28089],[-77.40971,37.28171],[-77.41087,37.28243],[-77.41159,37.28272],[-77.41185,37.28262],[-77.41232,37.28303],[-77.413,37.28319],[-77.41355,37.28294],[-77.41445,37.28224],[-77.41481,37.28255],[-77.41536,37.28226],[-77.4246,37.28365],[-77.4265,37.28305],[-77.42601,37.28055],[-77.4268,37.27844],[-77.42311,37.27446],[-77.42755,37.27547],[-77.4309,37.27625],[-77.4317,37.27634],[-77.43179,37.27591],[-77.4317,37.27454],[-77.42969,37.27232],[-77.42677,37.26914],[-77.42659,37.26892],[-77.42261,37.26242],[-77.42174,37.26266],[-77.42189,37.263],[-77.42269,37.26322],[-77.42296,37.2639],[-77.42258,37.26417],[-77.42203,37.26388],[-77.42133,37.26375],[-77.42121,37.2641],[-77.42154,37.26478],[-77.4213,37.26516],[-77.42105,37.26516],[-77.42064,37.26456],[-77.42023,37.26458],[-77.41994,37.26501],[-77.41912,37.26554],[-77.41889,37.26587],[-77.41854,37.2659],[-77.41826,37.26561],[-77.41733,37.265],[-77.41699,37.26466],[-77.41651,37.26457],[-77.41559,37.26395],[-77.41531,37.26375],[-77.4148,37.26275],[-77.41441,37.26095],[-77.41532,37.25648],[-77.41611,37.25364],[-77.41631,37.25254],[-77.41671,37.25095],[-77.41701,37.25025],[-77.4177,37.24715],[-77.4173,37.24595],[-77.41701,37.24475],[-77.4165,37.24335],[-77.4155,37.24134],[-77.41541,37.24015],[-77.41609,37.23573],[-77.4165,37.23321],[-77.41729,37.23268],[-77.41837,37.23235],[-77.41848,37.23215],[-77.4192,37.2323],[-77.41928,37.23249],[-77.42022,37.23201],[-77.42053,37.23204],[-77.42102,37.23182],[-77.42124,37.23124],[-77.42155,37.23111],[-77.42251,37.23115],[-77.42355,37.23079],[-77.42379,37.23051],[-77.42467,37.23012],[-77.42653,37.2295],[-77.42779,37.22947],[-77.42832,37.22965],[-77.4291,37.22933],[-77.42911,37.22862],[-77.43058,37.22795],[-77.43017,37.22754],[-77.43128,37.2271],[-77.43201,37.22659],[-77.43265,37.22587],[-77.43296,37.22525],[-77.43336,37.22503],[-77.43486,37.22491],[-77.4367,37.22466],[-77.43841,37.22432],[-77.43974,37.2238],[-77.44056,37.22356],[-77.44206,37.22342],[-77.44283,37.22348],[-77.44416,37.22344],[-77.44567,37.22316],[-77.44741,37.22307],[-77.45161,37.22266],[-77.45358,37.22271],[-77.4554,37.22319],[-77.45642,37.22308],[-77.45978,37.22353],[-77.46118,37.22388],[-77.46319,37.22455],[-77.4648,37.22483],[-77.46507,37.22499],[-77.46649,37.22527],[-77.46848,37.22518],[-77.46971,37.22522],[-77.47072,37.22544],[-77.47198,37.22561],[-77.47428,37.22526],[-77.47469,37.22527],[-77.47579,37.22507],[-77.4796,37.22453],[-77.48211,37.22476],[-77.48411,37.225],[-77.48577,37.22505],[-77.4861,37.22535],[-77.48776,37.22519],[-77.49256,37.22492],[-77.49313,37.22482],[-77.49471,37.22417],[-77.4954,37.22372],[-77.49647,37.22334],[-77.49801,37.22343],[-77.4992,37.22423],[-77.49971,37.22427],[-77.50062,37.22409],[-77.5012,37.22381],[-77.5017,37.22331],[-77.50199,37.22233],[-77.503,37.22198],[-77.50349,37.22173],[-77.5041,37.22171],[-77.5048,37.22149],[-77.50562,37.22158],[-77.50697,37.22118],[-77.50839,37.22125],[-77.50918,37.22105],[-77.51044,37.2203],[-77.51113,37.21979],[-77.51198,37.21934],[-77.51494,37.21808],[-77.51649,37.21788],[-77.51736,37.21753],[-77.51854,37.21731],[-77.51964,37.21734],[-77.5212,37.217],[-77.52256,37.21714],[-77.5232,37.21753],[-77.52358,37.21803],[-77.5239,37.21895],[-77.52474,37.22003],[-77.52498,37.22045],[-77.52548,37.22097],[-77.52596,37.22247],[-77.52623,37.22276],[-77.53243,37.22501],[-77.53449,37.22578],[-77.53611,37.22633],[-77.53657,37.22637],[-77.53785,37.22617],[-77.5393,37.22615],[-77.54032,37.22632],[-77.54205,37.22638],[-77.54371,37.2262],[-77.54418,37.22626],[-77.54722,37.22693],[-77.54841,37.22666],[-77.54994,37.22648],[-77.55199,37.22645],[-77.55403,37.22635],[-77.5558,37.22607],[-77.5567,37.22572],[-77.55745,37.22496],[-77.55793,37.22461],[-77.55881,37.22464],[-77.55964,37.22501],[-77.5604,37.22566],[-77.56083,37.22653],[-77.56154,37.22866],[-77.56188,37.22915],[-77.56273,37.23075],[-77.56324,37.23127],[-77.56401,37.23153],[-77.56591,37.23129],[-77.56679,37.23141],[-77.56727,37.2317],[-77.56739,37.23201],[-77.56729,37.23324],[-77.56719,37.23599],[-77.56732,37.23696],[-77.56732,37.2379],[-77.56761,37.23863],[-77.5682,37.23934],[-77.56868,37.23965],[-77.56939,37.2399],[-77.57006,37.23962],[-77.57085,37.23891],[-77.57163,37.23756],[-77.5725,37.23678],[-77.57372,37.23637],[-77.57547,37.23643],[-77.57671,37.23677],[-77.57794,37.23733],[-77.57891,37.23793],[-77.57952,37.23877],[-77.57995,37.24035],[-77.58014,37.24195],[-77.58044,37.24294],[-77.58223,37.24444],[-77.58315,37.2455],[-77.58398,37.2461],[-77.58515,37.24625],[-77.5872,37.24601],[-77.58898,37.24622],[-77.58973,37.24649],[-77.59044,37.24719],[-77.59113,37.24881],[-77.59144,37.2494],[-77.59268,37.25015],[-77.59522,37.25099],[-77.59691,37.25195],[-77.59804,37.25251],[-77.59956,37.25294],[-77.60049,37.25368],[-77.601,37.25478],[-77.60223,37.25761],[-77.60277,37.2592],[-77.60301,37.26089],[-77.60301,37.26205],[-77.60283,37.26304],[-77.60328,37.26391],[-77.6042,37.26466],[-77.60525,37.26563],[-77.60638,37.26677],[-77.60771,37.26779],[-77.60805,37.26787],[-77.60978,37.26857],[-77.61075,37.26909],[-77.61193,37.27017],[-77.61255,37.27061],[-77.61335,37.27088],[-77.61416,37.27097],[-77.6152,37.27084],[-77.61646,37.27042],[-77.61734,37.26996],[-77.61803,37.26918],[-77.61895,37.26779],[-77.61964,37.26714],[-77.6203,37.26678],[-77.62123,37.26667],[-77.62471,37.26687],[-77.62674,37.2675],[-77.62761,37.26798],[-77.6294,37.26955],[-77.62992,37.26981],[-77.63058,37.26988],[-77.63261,37.26966],[-77.6336,37.26939],[-77.6348,37.2688],[-77.63639,37.26776],[-77.63797,37.26714],[-77.6391,37.26625],[-77.64237,37.26398],[-77.64287,37.26373],[-77.64351,37.26369],[-77.64426,37.26394],[-77.6453,37.2644],[-77.64638,37.2647],[-77.64751,37.26482],[-77.64908,37.26492],[-77.65024,37.26504],[-77.65132,37.26525],[-77.65276,37.26619],[-77.65427,37.26728],[-77.65536,37.2687],[-77.65629,37.27051],[-77.65712,37.27235],[-77.65806,37.27334],[-77.65959,37.27454],[-77.66081,37.27565],[-77.6619,37.27708],[-77.66254,37.27871],[-77.66355,37.28312],[-77.66477,37.28778],[-77.66674,37.29167],[-77.66747,37.29247],[-77.66822,37.29281],[-77.66916,37.29285],[-77.66984,37.29277],[-77.67202,37.29249],[-77.67581,37.29275]]]}},{"type":"Feature","properties":{"jurisdiction":"Colonial Heights","jur_key":"colonial_heights"},"geometry":{"type":"Polygon","coordinates":[[[-77.39601,37.23938],[-77.39862,37.23971],[-77.39942,37.24023],[-77.40055,37.24015],[-77.4021,37.23952],[-77.40324,37.23833],[-77.40333,37.23772],[-77.40367,37.23735],[-77.40419,37.23678],[-77.40503,37.2361],[-77.40577,37.23579],[-77.40641,37.23564],[-77.40716,37.23503],[-77.40802,37.23455],[-77.40918,37.23427],[-77.40988,37.23372],[-77.41082,37.23378],[-77.41312,37.23426],[-77.41356,37.23395],[-77.41542,37.2338],[-77.416,37.23336],[-77.4165,37.23321],[-77.41609,37.23573],[-77.41541,37.24015],[-77.4155,37.24134],[-77.4165,37.24335],[-77.41701,37.24475],[-77.4173,37.24595],[-77.4177,37.24715],[-77.41701,37.25025],[-77.41671,37.25095],[-77.41631,37.25254],[-77.41611,37.25364],[-77.41532,37.25648],[-77.41441,37.26095],[-77.4148,37.26275],[-77.41531,37.26375],[-77.41559,37.26395],[-77.41651,37.26457],[-77.41699,37.26466],[-77.41733,37.265],[-77.41826,37.26561],[-77.41854,37.2659],[-77.41889,37.26587],[-77.41912,37.26554],[-77.41994,37.26501],[-77.42023,37.26458],[-77.42064,37.26456],[-77.42105,37.26516],[-77.4213,37.26516],[-77.42154,37.26478],[-77.42121,37.2641],[-77.42133,37.26375],[-77.42203,37.26388],[-77.42258,37.26417],[-77.42296,37.2639],[-77.42269,37.26322],[-77.42189,37.263],[-77.42174,37.26266],[-77.42261,37.26242],[-77.42659,37.26892],[-77.42677,37.26914],[-77.42969,37.27232],[-77.4317,37.27454],[-77.43179,37.27591],[-77.4317,37.27634],[-77.4309,37.27625],[-77.42755,37.27547],[-77.42311,37.27446],[-77.4268,37.27844],[-77.42601,37.28055],[-77.4265,37.28305],[-77.4246,37.28365],[-77.41536,37.28226],[-77.41481,37.28255],[-77.41445,37.28224],[-77.41355,37.28294],[-77.413,37.28319],[-77.41232,37.28303],[-77.41185,37.28262],[-77.41159,37.28272],[-77.41087,37.28243],[-77.40971,37.28171],[-77.40877,37.28089],[-77.40803,37.27991],[-77.40762,37.27901],[-77.40757,37.27763],[-77.40709,37.27531],[-77.40667,37.27446],[-77.40597,37.27398],[-77.4056,37.27341],[-77.40477,37.27277],[-77.404,37.27241],[-77.40367,37.27191],[-77.403,37.27163],[-77.40159,37.27162],[-77.40076,37.27169],[-77.39965,37.2719],[-77.39876,37.27233],[-77.39838,37.27283],[-77.39822,37.27327],[-77.39831,37.27448],[-77.398,37.27518],[-77.39808,37.27551],[-77.39841,37.27572],[-77.3998,37.27621],[-77.40133,37.27638],[-77.40195,37.27666],[-77.40246,37.27716],[-77.40233,37.27754],[-77.4017,37.27792],[-77.4019,37.27883],[-77.40246,37.27905],[-77.40281,37.27938],[-77.40302,37.28009],[-77.40189,37.28203],[-77.40109,37.28284],[-77.40016,37.28326],[-77.39866,37.28369],[-77.39744,37.28391],[-77.39581,37.28378],[-77.39451,37.28307],[-77.3932,37.28272],[-77.39205,37.28262],[-77.39172,37.28269],[-77.39156,37.28321],[-77.39161,37.28361],[-77.39194,37.2844],[-77.39124,37.28544],[-77.39099,37.28655],[-77.39033,37.2872],[-77.38938,37.28737],[-77.38915,37.28736],[-77.38892,37.28735],[-77.38658,37.28672],[-77.386,37.28661],[-77.38359,37.28525],[-77.38249,37.28512],[-77.3817,37.28474],[-77.37911,37.28406],[-77.37829,37.28451],[-77.37754,37.28586],[-77.37696,37.28747],[-77.37649,37.2897],[-77.37552,37.29127],[-77.37504,37.2927],[-77.3736,37.29575],[-77.3728,37.29695],[-77.3682,37.29855],[-77.36811,37.29778],[-77.36816,37.29675],[-77.36839,37.2955],[-77.36803,37.29464],[-77.36566,37.2926],[-77.36509,37.29201],[-77.36442,37.29073],[-77.36436,37.29034],[-77.3651,37.28939],[-77.36528,37.2884],[-77.36498,37.28733],[-77.36389,37.28651],[-77.36334,37.2857],[-77.36252,37.28502],[-77.36256,37.28455],[-77.36228,37.28409],[-77.36237,37.28386],[-77.36213,37.28358],[-77.36232,37.28216],[-77.36332,37.28094],[-77.36397,37.28032],[-77.36428,37.28029],[-77.36647,37.27884],[-77.36696,37.27842],[-77.36804,37.27811],[-77.36866,37.27806],[-77.36959,37.27752],[-77.37238,37.27642],[-77.37294,37.27634],[-77.37324,37.27615],[-77.37348,37.27568],[-77.37375,37.27552],[-77.37456,37.27534],[-77.37548,37.27456],[-77.37579,37.2739],[-77.37649,37.27291],[-77.37729,37.27157],[-77.37808,37.27046],[-77.3778,37.27057],[-77.37749,37.27101],[-77.3776,37.27036],[-77.37795,37.26949],[-77.37886,37.26819],[-77.37919,37.26758],[-77.37942,37.26628],[-77.37939,37.26506],[-77.37946,37.26449],[-77.37935,37.26321],[-77.37933,37.2622],[-77.37917,37.26109],[-77.37927,37.25997],[-77.37951,37.2593],[-77.3796,37.25858],[-77.3796,37.25767],[-77.37945,37.25717],[-77.37944,37.25562],[-77.37959,37.25341],[-77.37973,37.25266],[-77.37963,37.25032],[-77.37951,37.25],[-77.37948,37.24848],[-77.37982,37.24687],[-77.38029,37.24554],[-77.38091,37.24462],[-77.38161,37.24378],[-77.38252,37.24284],[-77.38369,37.24199],[-77.38495,37.24133],[-77.3857,37.24116],[-77.39136,37.24095],[-77.39206,37.24085],[-77.39386,37.23989],[-77.39421,37.23952],[-77.39544,37.23938],[-77.39601,37.23938]]]}},{"type":"Feature","properties":{"jurisdiction":"Henrico","jur_key":"henrico"},"geometry":{"type":"Polygon","coordinates":[[[-77.54462,37.57139],[-77.54306,37.57091],[-77.54223,37.57075],[-77.54137,37.57203],[-77.53973,37.57249],[-77.53902,37.57286],[-77.53708,37.57251],[-77.53691,37.57103],[-77.53646,37.57027],[-77.5364,37.5698],[-77.5361,37.56881],[-77.53615,37.56864],[-77.53535,37.56833],[-77.53476,37.56821],[-77.53264,37.5681],[-77.52976,37.56821],[-77.52856,37.56814],[-77.52651,37.56812],[-77.52586,37.56824],[-77.52585,37.56804],[-77.5263,37.56707],[-77.52647,37.56649],[-77.52949,37.55966],[-77.5297,37.55919],[-77.53111,37.55937],[-77.53235,37.55923],[-77.53488,37.55918],[-77.53684,37.55924],[-77.53705,37.55934],[-77.53856,37.55955],[-77.54044,37.56004],[-77.54134,37.5602],[-77.54394,37.56027],[-77.54416,37.5604],[-77.54468,37.56048],[-77.54591,37.56047],[-77.54694,37.56034],[-77.54779,37.56012],[-77.54882,37.5597],[-77.55005,37.55893],[-77.55089,37.55864],[-77.552,37.55851],[-77.5534,37.55822],[-77.55529,37.55767],[-77.55656,37.55703],[-77.55711,37.55656],[-77.55814,37.55608],[-77.5594,37.55569],[-77.56014,37.55557],[-77.56113,37.55555],[-77.56218,37.55572],[-77.56396,37.55611],[-77.56492,37.55645],[-77.56646,37.55679],[-77.5683,37.55727],[-77.57089,37.55804],[-77.5717,37.55824],[-77.57322,37.55839],[-77.57385,37.55857],[-77.57459,37.55859],[-77.57553,37.5585],[-77.57579,37.55867],[-77.57689,37.55891],[-77.57844,37.559],[-77.57975,37.55893],[-77.58145,37.55891],[-77.58282,37.55878],[-77.58516,37.5584],[-77.58771,37.55769],[-77.58822,37.55741],[-77.59059,37.5564],[-77.59167,37.55611],[-77.59255,37.55602],[-77.59325,37.55585],[-77.59479,37.55582],[-77.59546,37.55575],[-77.59794,37.55567],[-77.60212,37.55575],[-77.60255,37.55569],[-77.60533,37.55555],[-77.60595,37.55546],[-77.60774,37.55552],[-77.60895,37.55562],[-77.61293,37.5561],[-77.61369,37.55629],[-77.61403,37.55613],[-77.61429,37.55643],[-77.61514,37.55661],[-77.61748,37.55696],[-77.61871,37.55706],[-77.62055,37.55706],[-77.62143,37.55699],[-77.62285,37.55669],[-77.62462,37.55669],[-77.62644,37.55695],[-77.62846,37.55738],[-77.62966,37.55768],[-77.63171,37.55812],[-77.63464,37.55881],[-77.63728,37.55916],[-77.63929,37.55928],[-77.64274,37.55918],[-77.64363,37.55904],[-77.64491,37.55907],[-77.64773,37.55931],[-77.64924,37.55961],[-77.64984,37.55984],[-77.65104,37.56049],[-77.65157,37.56067],[-77.65295,37.56162],[-77.6554,37.56399],[-77.65375,37.56485],[-77.65285,37.56541],[-77.65223,37.56539],[-77.64911,37.56618],[-77.64821,37.56632],[-77.64711,37.56638],[-77.64613,37.56628],[-77.64469,37.56632],[-77.64408,37.56625],[-77.64328,37.56638],[-77.64252,37.56672],[-77.64159,37.56675],[-77.64033,37.56636],[-77.64,37.56636],[-77.63871,37.56674],[-77.63791,37.56658],[-77.63724,37.56609],[-77.63673,37.56596],[-77.63577,37.56599],[-77.63496,37.56582],[-77.63467,37.56604],[-77.6349,37.5667],[-77.63482,37.56692],[-77.63425,37.56707],[-77.63394,37.56733],[-77.63552,37.56784],[-77.63613,37.56828],[-77.63626,37.5687],[-77.63566,37.57005],[-77.63558,37.57065],[-77.63578,37.57096],[-77.63569,37.57138],[-77.63514,37.5723],[-77.63452,37.57296],[-77.63451,37.57322],[-77.63404,37.57368],[-77.63358,37.57391],[-77.63317,37.5743],[-77.63286,37.57504],[-77.63238,37.57554],[-77.63166,37.57583],[-77.63157,37.57615],[-77.63055,37.57672],[-77.62902,37.57692],[-77.62799,37.57683],[-77.62523,37.57581],[-77.62392,37.57576],[-77.62116,37.57674],[-77.62006,37.57706],[-77.61799,37.57689],[-77.61707,37.57709],[-77.61649,37.57743],[-77.6163,37.57857],[-77.6168,37.57965],[-77.61714,37.58061],[-77.61806,37.58126],[-77.61823,37.5817],[-77.61889,37.58488],[-77.61837,37.58688],[-77.61837,37.58756],[-77.61809,37.58846],[-77.61832,37.58897],[-77.61937,37.58957],[-77.62038,37.58992],[-77.62168,37.58995],[-77.62231,37.58976],[-77.62353,37.58971],[-77.62447,37.58996],[-77.62567,37.59102],[-77.62642,37.59135],[-77.62673,37.59179],[-77.62688,37.59236],[-77.62744,37.59311],[-77.62828,37.59437],[-77.62825,37.5948],[-77.62778,37.595],[-77.62759,37.59578],[-77.62695,37.59621],[-77.62661,37.59622],[-77.62604,37.59661],[-77.6262,37.59744],[-77.62603,37.59794],[-77.62655,37.59898],[-77.62833,37.59991],[-77.62965,37.60023],[-77.63058,37.60062],[-77.63158,37.60055],[-77.63297,37.60111],[-77.63315,37.60138],[-77.6339,37.602],[-77.63495,37.60179],[-77.63573,37.60155],[-77.63583,37.60188],[-77.63664,37.60195],[-77.63761,37.6023],[-77.63834,37.60212],[-77.63954,37.60225],[-77.64024,37.60269],[-77.64084,37.60368],[-77.64132,37.60478],[-77.64127,37.60536],[-77.64167,37.60596],[-77.64173,37.60663],[-77.64156,37.60708],[-77.64116,37.60761],[-77.64071,37.6079],[-77.6408,37.60884],[-77.64121,37.60904],[-77.64152,37.60951],[-77.64182,37.61037],[-77.64175,37.61178],[-77.64226,37.61208],[-77.64245,37.61281],[-77.64267,37.61319],[-77.6435,37.6141],[-77.64388,37.6142],[-77.64394,37.614],[-77.64603,37.61378],[-77.64657,37.61379],[-77.64721,37.61403],[-77.64791,37.61447],[-77.64852,37.61461],[-77.64915,37.6151],[-77.65114,37.61614],[-77.65204,37.61689],[-77.65216,37.61725],[-77.65196,37.61746],[-77.65186,37.61815],[-77.65208,37.61897],[-77.65201,37.61978],[-77.65167,37.62119],[-77.65107,37.62255],[-77.65062,37.62419],[-77.65086,37.62465],[-77.65074,37.62534],[-77.6512,37.627],[-77.65157,37.62809],[-77.65181,37.62912],[-77.6519,37.63056],[-77.65205,37.6309],[-77.65214,37.63163],[-77.652,37.63211],[-77.65269,37.63285],[-77.6536,37.63432],[-77.65392,37.6356],[-77.65391,37.63609],[-77.65371,37.63676],[-77.65394,37.63955],[-77.65397,37.63994],[-77.65445,37.64073],[-77.65289,37.64505],[-77.65309,37.64513],[-77.65275,37.64544],[-77.65219,37.64629],[-77.65148,37.64693],[-77.65052,37.64869],[-77.65021,37.64973],[-77.64965,37.65087],[-77.64953,37.65158],[-77.64972,37.65321],[-77.64971,37.65377],[-77.64856,37.6569],[-77.64991,37.65702],[-77.65001,37.65717],[-77.64967,37.65779],[-77.64919,37.65833],[-77.64936,37.65937],[-77.64619,37.65922],[-77.64607,37.66202],[-77.64593,37.66366],[-77.64421,37.66802],[-77.64468,37.66843],[-77.64436,37.66936],[-77.64261,37.67437],[-77.64089,37.67804],[-77.64284,37.67931],[-77.64185,37.68041],[-77.64172,37.68066],[-77.64168,37.68286],[-77.64159,37.68459],[-77.64191,37.68789],[-77.63775,37.68667],[-77.63298,37.69988],[-77.63067,37.70567],[-77.63082,37.7057],[-77.63023,37.7073],[-77.62721,37.70643],[-77.62642,37.70601],[-77.62516,37.70556],[-77.62426,37.70544],[-77.62374,37.70521],[-77.62284,37.70506],[-77.62252,37.70489],[-77.62116,37.70539],[-77.62061,37.70584],[-77.61985,37.70599],[-77.61955,37.70661],[-77.61851,37.70732],[-77.61827,37.70734],[-77.61783,37.70803],[-77.61745,37.70802],[-77.61663,37.70834],[-77.61481,37.70834],[-77.61362,37.70868],[-77.61143,37.71021],[-77.61061,37.71041],[-77.61027,37.71025],[-77.60965,37.71022],[-77.60951,37.71005],[-77.6085,37.7099],[-77.608,37.70989],[-77.60769,37.70963],[-77.60716,37.70962],[-77.60681,37.70979],[-77.60627,37.7094],[-77.6065,37.70915],[-77.60608,37.70918],[-77.60578,37.70879],[-77.606,37.70851],[-77.60554,37.7077],[-77.60486,37.70748],[-77.60504,37.70733],[-77.60382,37.70677],[-77.6034,37.70679],[-77.60346,37.70658],[-77.60283,37.70627],[-77.60257,37.70601],[-77.60202,37.70615],[-77.6016,37.70576],[-77.60116,37.70583],[-77.60064,37.7052],[-77.60078,37.70498],[-77.60047,37.70486],[-77.60026,37.70508],[-77.6001,37.70475],[-77.59945,37.70455],[-77.59893,37.70408],[-77.59842,37.70409],[-77.5984,37.7037],[-77.59807,37.70365],[-77.59838,37.70323],[-77.59781,37.70323],[-77.5974,37.70285],[-77.59756,37.70221],[-77.59684,37.70135],[-77.59638,37.70131],[-77.59602,37.70084],[-77.59547,37.70078],[-77.59466,37.70044],[-77.59437,37.69959],[-77.59468,37.6992],[-77.59509,37.69924],[-77.59541,37.69837],[-77.59506,37.6982],[-77.59513,37.69752],[-77.59539,37.69704],[-77.59496,37.69677],[-77.59483,37.69644],[-77.59416,37.69615],[-77.59371,37.69627],[-77.59323,37.69604],[-77.59243,37.69598],[-77.59207,37.69551],[-77.59162,37.69525],[-77.5907,37.69539],[-77.59027,37.6949],[-77.58888,37.69423],[-77.58871,37.69397],[-77.58833,37.69425],[-77.58821,37.69481],[-77.5879,37.69509],[-77.58741,37.69485],[-77.5871,37.69452],[-77.58619,37.69406],[-77.58567,37.69411],[-77.58494,37.69388],[-77.58481,37.69335],[-77.58361,37.69282],[-77.58303,37.69227],[-77.58229,37.69202],[-77.58157,37.69123],[-77.58163,37.69102],[-77.58102,37.69028],[-77.58069,37.69029],[-77.58047,37.6899],[-77.57991,37.68963],[-77.57963,37.68912],[-77.57911,37.68898],[-77.57891,37.68864],[-77.57851,37.68851],[-77.57785,37.6887],[-77.57768,37.68858],[-77.57684,37.68873],[-77.57604,37.6882],[-77.57571,37.68829],[-77.57527,37.68868],[-77.57463,37.68843],[-77.57426,37.68845],[-77.57398,37.68885],[-77.57356,37.68907],[-77.57309,37.68893],[-77.57298,37.68818],[-77.57268,37.68776],[-77.5719,37.68758],[-77.5714,37.68704],[-77.57104,37.68704],[-77.57094,37.68682],[-77.5702,37.68641],[-77.56969,37.68601],[-77.56938,37.68553],[-77.5686,37.6852],[-77.56845,37.68484],[-77.56748,37.68467],[-77.56709,37.68392],[-77.56668,37.6839],[-77.56621,37.68417],[-77.56566,37.6843],[-77.56523,37.68322],[-77.56452,37.68314],[-77.56411,37.68322],[-77.5636,37.68359],[-77.56294,37.6838],[-77.56244,37.68344],[-77.56268,37.68296],[-77.56213,37.68252],[-77.56162,37.68275],[-77.56063,37.68294],[-77.56,37.68245],[-77.55953,37.68238],[-77.55876,37.68209],[-77.55823,37.68219],[-77.55786,37.68192],[-77.55744,37.68213],[-77.55726,37.6825],[-77.55706,37.68349],[-77.55732,37.68379],[-77.55727,37.68429],[-77.55687,37.68476],[-77.5565,37.68465],[-77.55594,37.68381],[-77.55512,37.6838],[-77.55443,37.68348],[-77.55394,37.68314],[-77.55298,37.68277],[-77.55224,37.68263],[-77.55189,37.68284],[-77.55143,37.6827],[-77.55127,37.68246],[-77.55039,37.68238],[-77.54989,37.68257],[-77.54962,37.68301],[-77.55015,37.68362],[-77.55067,37.68375],[-77.55122,37.68472],[-77.55124,37.68591],[-77.55083,37.68624],[-77.5502,37.68619],[-77.54963,37.68574],[-77.5483,37.68508],[-77.54777,37.68514],[-77.54735,37.68484],[-77.5472,37.68452],[-77.54655,37.6844],[-77.54608,37.68457],[-77.54563,37.68451],[-77.54566,37.68425],[-77.54504,37.68411],[-77.54483,37.6843],[-77.54343,37.68465],[-77.54314,37.6851],[-77.54314,37.68575],[-77.54269,37.68617],[-77.54213,37.68646],[-77.54168,37.68644],[-77.54137,37.687],[-77.54062,37.68764],[-77.54052,37.68795],[-77.54014,37.68819],[-77.53969,37.68822],[-77.53927,37.68844],[-77.53851,37.68859],[-77.53778,37.68857],[-77.53724,37.68876],[-77.53677,37.68941],[-77.53625,37.68944],[-77.53591,37.68974],[-77.53572,37.6896],[-77.53526,37.68984],[-77.53469,37.69041],[-77.53417,37.69053],[-77.53387,37.69042],[-77.53348,37.69074],[-77.53322,37.69116],[-77.53325,37.69147],[-77.53296,37.69203],[-77.53298,37.69297],[-77.53242,37.69344],[-77.53253,37.69365],[-77.53172,37.69441],[-77.53077,37.69458],[-77.53054,37.6948],[-77.53018,37.69452],[-77.52893,37.69409],[-77.52855,37.69405],[-77.52787,37.69372],[-77.52734,37.694],[-77.52627,37.69435],[-77.52611,37.69474],[-77.52619,37.69523],[-77.52643,37.69557],[-77.52686,37.69562],[-77.52743,37.69602],[-77.52743,37.69631],[-77.52775,37.69679],[-77.52726,37.69743],[-77.52655,37.69766],[-77.5262,37.69747],[-77.52546,37.69743],[-77.52468,37.69704],[-77.52405,37.69785],[-77.52432,37.69794],[-77.52387,37.69887],[-77.523,37.69917],[-77.52216,37.70019],[-77.52135,37.69996],[-77.52122,37.69938],[-77.52156,37.69839],[-77.52135,37.69769],[-77.52099,37.69779],[-77.52059,37.69758],[-77.52016,37.69758],[-77.51938,37.69816],[-77.51872,37.6985],[-77.51791,37.69867],[-77.51776,37.699],[-77.51731,37.69939],[-77.51664,37.69965],[-77.51516,37.69989],[-77.51401,37.69977],[-77.51335,37.69962],[-77.51336,37.69983],[-77.51382,37.70013],[-77.51354,37.7007],[-77.51292,37.70087],[-77.51225,37.70123],[-77.51185,37.70168],[-77.51131,37.70179],[-77.5111,37.70121],[-77.51049,37.70103],[-77.51024,37.70075],[-77.50976,37.70065],[-77.5088,37.70063],[-77.50837,37.70078],[-77.50745,37.70052],[-77.50698,37.70018],[-77.50691,37.69993],[-77.50647,37.69993],[-77.50639,37.70038],[-77.5051,37.70051],[-77.50398,37.70072],[-77.50334,37.70055],[-77.50314,37.70009],[-77.50273,37.69972],[-77.50224,37.69974],[-77.50132,37.70002],[-77.50031,37.7006],[-77.49919,37.70092],[-77.49895,37.70103],[-77.49816,37.70103],[-77.49743,37.70092],[-77.497,37.70111],[-77.4977,37.70132],[-77.49752,37.70163],[-77.49711,37.70174],[-77.4966,37.70163],[-77.49551,37.70164],[-77.49489,37.70153],[-77.49399,37.70101],[-77.49384,37.70058],[-77.4934,37.70007],[-77.49178,37.69883],[-77.4917,37.69809],[-77.49222,37.69757],[-77.4925,37.69685],[-77.49184,37.69629],[-77.49152,37.6962],[-77.49129,37.6957],[-77.49149,37.69445],[-77.49083,37.69374],[-77.49061,37.6931],[-77.49018,37.69268],[-77.49036,37.69217],[-77.48968,37.69189],[-77.48907,37.69146],[-77.48891,37.69109],[-77.4884,37.69102],[-77.48797,37.69039],[-77.48804,37.68984],[-77.48963,37.68946],[-77.48999,37.68912],[-77.49011,37.68877],[-77.48921,37.68832],[-77.4887,37.68816],[-77.48829,37.68785],[-77.4879,37.68716],[-77.4879,37.68677],[-77.4882,37.68619],[-77.488,37.68574],[-77.48664,37.68481],[-77.48631,37.68474],[-77.48605,37.68505],[-77.48559,37.68513],[-77.48528,37.68438],[-77.48407,37.68406],[-77.4839,37.68384],[-77.48404,37.68353],[-77.48306,37.68297],[-77.48261,37.68304],[-77.48231,37.68363],[-77.48136,37.68304],[-77.48099,37.68232],[-77.48064,37.68194],[-77.47963,37.68175],[-77.47892,37.68131],[-77.47847,37.68085],[-77.47742,37.68097],[-77.47727,37.68133],[-77.47767,37.68159],[-77.4776,37.68203],[-77.4772,37.68292],[-77.47697,37.68402],[-77.47653,37.68462],[-77.47637,37.68538],[-77.47589,37.68561],[-77.47543,37.68551],[-77.47461,37.68555],[-77.47411,37.6863],[-77.47354,37.6868],[-77.47253,37.68721],[-77.472,37.68755],[-77.4713,37.68766],[-77.47071,37.68747],[-77.46973,37.68696],[-77.46949,37.68662],[-77.46943,37.68616],[-77.46847,37.6857],[-77.46754,37.68502],[-77.46661,37.6841],[-77.46591,37.68367],[-77.46609,37.6832],[-77.46481,37.68239],[-77.46456,37.68216],[-77.46438,37.68162],[-77.46449,37.68097],[-77.46423,37.68065],[-77.46304,37.68028],[-77.46236,37.68016],[-77.4608,37.68033],[-77.46073,37.67916],[-77.46103,37.67861],[-77.46079,37.67841],[-77.46007,37.67818],[-77.45918,37.67829],[-77.45793,37.67804],[-77.4574,37.67783],[-77.45621,37.67811],[-77.45509,37.67878],[-77.45492,37.67911],[-77.45511,37.67933],[-77.45587,37.67973],[-77.45587,37.67989],[-77.45481,37.68046],[-77.454,37.68048],[-77.45309,37.67971],[-77.45193,37.67968],[-77.45111,37.67995],[-77.45113,37.68027],[-77.45073,37.68074],[-77.45106,37.68182],[-77.4509,37.68255],[-77.45064,37.68286],[-77.44984,37.68334],[-77.44904,37.68392],[-77.44884,37.68436],[-77.44857,37.68444],[-77.44594,37.68409],[-77.44563,37.68357],[-77.44461,37.68298],[-77.44372,37.6826],[-77.44313,37.6821],[-77.44308,37.68163],[-77.44223,37.68105],[-77.4416,37.68012],[-77.44131,37.67922],[-77.44073,37.67859],[-77.44012,37.67688],[-77.44035,37.67618],[-77.44021,37.6756],[-77.44033,37.67492],[-77.44026,37.67401],[-77.44044,37.67338],[-77.44011,37.67284],[-77.43997,37.67108],[-77.44002,37.67044],[-77.43971,37.66865],[-77.43953,37.66808],[-77.43846,37.66667],[-77.43803,37.66631],[-77.43742,37.66523],[-77.43682,37.66486],[-77.43656,37.6641],[-77.43621,37.66375],[-77.43539,37.66333],[-77.43447,37.6625],[-77.43354,37.66187],[-77.43295,37.66105],[-77.43232,37.66036],[-77.43076,37.65813],[-77.43057,37.65765],[-77.43075,37.65683],[-77.43095,37.65655],[-77.43099,37.6547],[-77.43078,37.65375],[-77.43046,37.65291],[-77.43033,37.65213],[-77.43039,37.65169],[-77.43015,37.65134],[-77.42935,37.65108],[-77.42878,37.65078],[-77.42795,37.65077],[-77.4274,37.65041],[-77.42676,37.65026],[-77.42645,37.64993],[-77.42553,37.64965],[-77.42507,37.64919],[-77.42425,37.64863],[-77.42378,37.64739],[-77.42354,37.64697],[-77.42283,37.64499],[-77.42252,37.64455],[-77.4216,37.64203],[-77.42116,37.64113],[-77.41994,37.63816],[-77.42015,37.63762],[-77.42063,37.63713],[-77.42068,37.6365],[-77.42019,37.63629],[-77.42011,37.63598],[-77.41929,37.63568],[-77.41938,37.63498],[-77.41876,37.63426],[-77.41825,37.63317],[-77.41772,37.63275],[-77.41715,37.63257],[-77.41618,37.63183],[-77.416,37.63142],[-77.41465,37.6311],[-77.41418,37.6308],[-77.41418,37.63057],[-77.41378,37.63027],[-77.41192,37.62966],[-77.41143,37.62932],[-77.41102,37.62926],[-77.41087,37.62901],[-77.41091,37.62853],[-77.41036,37.62804],[-77.4095,37.62784],[-77.40939,37.62748],[-77.40841,37.62748],[-77.408,37.62718],[-77.40742,37.62713],[-77.40717,37.62735],[-77.40683,37.62728],[-77.40597,37.62645],[-77.40553,37.62617],[-77.40525,37.6258],[-77.40531,37.62495],[-77.40472,37.62409],[-77.40463,37.62373],[-77.40467,37.62261],[-77.40513,37.62183],[-77.40566,37.62136],[-77.40563,37.62072],[-77.40626,37.61975],[-77.4059,37.61938],[-77.40597,37.61877],[-77.40729,37.61736],[-77.4081,37.61603],[-77.40871,37.61466],[-77.40828,37.61388],[-77.40719,37.61252],[-77.4064,37.61197],[-77.40516,37.61095],[-77.40458,37.60992],[-77.40467,37.60918],[-77.40527,37.6077],[-77.40527,37.60715],[-77.40485,37.60627],[-77.40396,37.60553],[-77.4036,37.60511],[-77.40294,37.60534],[-77.40147,37.60571],[-77.40094,37.60611],[-77.40028,37.60617],[-77.39985,37.60607],[-77.39939,37.60531],[-77.3979,37.60384],[-77.39704,37.60262],[-77.39633,37.60201],[-77.39604,37.60191],[-77.39505,37.60211],[-77.39462,37.60199],[-77.39383,37.60157],[-77.39283,37.6005],[-77.39202,37.59999],[-77.39168,37.59886],[-77.39113,37.59809],[-77.39074,37.59793],[-77.39014,37.59819],[-77.38913,37.59815],[-77.38866,37.59843],[-77.3879,37.59808],[-77.38723,37.59805],[-77.38697,37.59767],[-77.38639,37.59759],[-77.38585,37.59732],[-77.3849,37.59654],[-77.38438,37.5964],[-77.38419,37.59616],[-77.38365,37.59594],[-77.38242,37.59489],[-77.38175,37.59451],[-77.38059,37.59459],[-77.37956,37.59428],[-77.37854,37.59407],[-77.37723,37.59401],[-77.37687,37.59413],[-77.37656,37.59385],[-77.37529,37.59384],[-77.37419,37.59352],[-77.37397,37.59334],[-77.37358,37.59342],[-77.37251,37.59315],[-77.37159,37.59235],[-77.36997,37.59121],[-77.36875,37.59055],[-77.36825,37.5905],[-77.36712,37.59076],[-77.36663,37.59073],[-77.36464,37.58962],[-77.36335,37.58911],[-77.36267,37.58869],[-77.3628,37.58774],[-77.36262,37.58721],[-77.36189,37.58667],[-77.36124,37.58698],[-77.36071,37.58676],[-77.36022,37.58582],[-77.35958,37.58552],[-77.35841,37.58473],[-77.35852,37.58411],[-77.35812,37.58382],[-77.35791,37.58314],[-77.35749,37.58287],[-77.35695,37.58281],[-77.35669,37.58308],[-77.35615,37.58305],[-77.35479,37.58265],[-77.35443,37.58238],[-77.35428,37.58177],[-77.35348,37.58146],[-77.35295,37.58106],[-77.35227,37.58123],[-77.35191,37.58078],[-77.35167,37.58097],[-77.35081,37.58081],[-77.35018,37.58044],[-77.35022,37.58006],[-77.34954,37.57995],[-77.34873,37.57951],[-77.34794,37.57955],[-77.34691,37.57931],[-77.34506,37.57854],[-77.34457,37.5782],[-77.34399,37.57861],[-77.34277,37.57853],[-77.34171,37.57808],[-77.33984,37.57755],[-77.3381,37.57721],[-77.3374,37.57641],[-77.33697,37.57574],[-77.33664,37.57533],[-77.33576,37.57478],[-77.3348,37.57467],[-77.33418,37.57445],[-77.33313,37.57425],[-77.33151,37.57374],[-77.33072,37.57329],[-77.3303,37.57288],[-77.32962,37.57256],[-77.32839,37.57226],[-77.32712,37.57178],[-77.32669,37.57143],[-77.32648,37.57096],[-77.32654,37.57023],[-77.32623,37.57],[-77.32555,37.56989],[-77.3246,37.56958],[-77.32409,37.56924],[-77.32339,37.56907],[-77.32282,37.56875],[-77.32207,37.56816],[-77.32125,37.56778],[-77.32055,37.56788],[-77.31893,37.56748],[-77.31784,37.56735],[-77.31671,37.56747],[-77.31606,37.56702],[-77.31493,37.5658],[-77.31341,37.56461],[-77.31195,37.56445],[-77.31159,37.56453],[-77.31106,37.56492],[-77.31058,37.56474],[-77.30986,37.56416],[-77.30806,37.56293],[-77.3072,37.56186],[-77.30594,37.56101],[-77.30428,37.56041],[-77.30233,37.5598],[-77.30113,37.55971],[-77.29914,37.55972],[-77.29771,37.5602],[-77.29672,37.56042],[-77.29616,37.56033],[-77.29477,37.56084],[-77.29334,37.56101],[-77.29194,37.56083],[-77.29088,37.56049],[-77.28988,37.55964],[-77.28838,37.55749],[-77.28691,37.55631],[-77.2861,37.55599],[-77.28521,37.55592],[-77.284,37.55535],[-77.28366,37.55531],[-77.28338,37.55554],[-77.28273,37.55555],[-77.28189,37.55572],[-77.28076,37.555],[-77.2803,37.55503],[-77.27977,37.55451],[-77.27896,37.55409],[-77.27808,37.5542],[-77.27702,37.55407],[-77.27652,37.55354],[-77.2757,37.55293],[-77.27505,37.55274],[-77.27424,37.55275],[-77.2736,37.55243],[-77.27243,37.5523],[-77.27151,37.55228],[-77.2706,37.55179],[-77.2699,37.55154],[-77.26905,37.55166],[-77.26813,37.55164],[-77.26612,37.5519],[-77.26454,37.55092],[-77.26399,37.5502],[-77.26346,37.54965],[-77.26314,37.54977],[-77.26137,37.5497],[-77.26045,37.54932],[-77.25974,37.54891],[-77.25929,37.54837],[-77.25943,37.54766],[-77.25923,37.54697],[-77.25755,37.54629],[-77.2571,37.54598],[-77.25666,37.54537],[-77.25584,37.54519],[-77.25472,37.54461],[-77.25434,37.54395],[-77.25414,37.54335],[-77.25372,37.54273],[-77.25265,37.54223],[-77.25207,37.54248],[-77.25118,37.54232],[-77.25031,37.54183],[-77.24994,37.54122],[-77.24923,37.54075],[-77.24811,37.54046],[-77.24771,37.54047],[-77.24681,37.53931],[-77.24661,37.53923],[-77.24468,37.53902],[-77.24392,37.53944],[-77.24323,37.53938],[-77.24265,37.53871],[-77.24209,37.53859],[-77.24129,37.53858],[-77.24102,37.53797],[-77.24073,37.5378],[-77.2399,37.53793],[-77.23843,37.53857],[-77.23831,37.53889],[-77.23774,37.53909],[-77.23724,37.53887],[-77.23673,37.53896],[-77.23596,37.53888],[-77.23513,37.53857],[-77.2343,37.53887],[-77.23378,37.53883],[-77.23324,37.53907],[-77.23295,37.53939],[-77.23236,37.53969],[-77.23149,37.53947],[-77.23115,37.53904],[-77.23102,37.53817],[-77.23059,37.53762],[-77.23056,37.53724],[-77.22973,37.53688],[-77.22898,37.53683],[-77.22847,37.53636],[-77.22754,37.53481],[-77.22697,37.53417],[-77.22651,37.53387],[-77.22543,37.53416],[-77.22451,37.53392],[-77.22335,37.53399],[-77.22303,37.5339],[-77.22304,37.53356],[-77.22242,37.53332],[-77.22124,37.53323],[-77.22062,37.5327],[-77.2205,37.53244],[-77.22063,37.53171],[-77.22015,37.53107],[-77.2204,37.53014],[-77.22082,37.5293],[-77.22055,37.52886],[-77.22055,37.5277],[-77.22025,37.52722],[-77.21958,37.52709],[-77.2189,37.52682],[-77.21861,37.52688],[-77.21789,37.52642],[-77.21674,37.52585],[-77.21525,37.52554],[-77.21485,37.52537],[-77.21443,37.52433],[-77.21414,37.52411],[-77.21251,37.52323],[-77.21241,37.52263],[-77.21267,37.52207],[-77.21239,37.52136],[-77.21151,37.52099],[-77.21121,37.52066],[-77.21075,37.52074],[-77.21029,37.52044],[-77.21012,37.52008],[-77.20943,37.51926],[-77.20933,37.51899],[-77.20942,37.51825],[-77.20928,37.51777],[-77.2091,37.51746],[-77.20891,37.51656],[-77.2087,37.5163],[-77.20774,37.51603],[-77.20739,37.5162],[-77.20671,37.51616],[-77.20624,37.51598],[-77.20577,37.51528],[-77.20652,37.51523],[-77.20712,37.51429],[-77.20701,37.51345],[-77.20637,37.51362],[-77.20622,37.51335],[-77.20563,37.51296],[-77.20454,37.5127],[-77.20403,37.51312],[-77.20371,37.51322],[-77.20342,37.513],[-77.20267,37.51287],[-77.2025,37.51226],[-77.20167,37.51198],[-77.20168,37.51158],[-77.20132,37.5111],[-77.1994,37.5099],[-77.19886,37.50971],[-77.19848,37.50943],[-77.19818,37.50897],[-77.19738,37.50893],[-77.19681,37.50855],[-77.19539,37.50815],[-77.19479,37.50783],[-77.19398,37.50754],[-77.19372,37.5072],[-77.19296,37.5066],[-77.19279,37.50607],[-77.19286,37.50549],[-77.19279,37.50489],[-77.19248,37.50429],[-77.19252,37.50398],[-77.19288,37.50366],[-77.19287,37.50341],[-77.19196,37.50287],[-77.19194,37.50124],[-77.19144,37.50069],[-77.19116,37.50057],[-77.1906,37.50062],[-77.18986,37.50014],[-77.18905,37.50014],[-77.1886,37.50028],[-77.18816,37.50022],[-77.18788,37.49975],[-77.18843,37.4993],[-77.18863,37.4987],[-77.18858,37.49829],[-77.18835,37.49796],[-77.18806,37.49797],[-77.18744,37.49756],[-77.18667,37.49775],[-77.18655,37.49809],[-77.18605,37.49798],[-77.18598,37.49736],[-77.18501,37.49629],[-77.18484,37.49572],[-77.18385,37.49528],[-77.18304,37.49475],[-77.18242,37.49393],[-77.18138,37.49334],[-77.1812,37.49315],[-77.18049,37.49357],[-77.17994,37.49333],[-77.17996,37.49266],[-77.17925,37.49224],[-77.17929,37.49176],[-77.17854,37.4914],[-77.17805,37.49149],[-77.17751,37.49134],[-77.17698,37.49137],[-77.17732,37.4906],[-77.17864,37.48851],[-77.18337,37.48004],[-77.18633,37.47458],[-77.18796,37.47175],[-77.1927,37.46303],[-77.1948,37.45908],[-77.1969,37.4554],[-77.19783,37.45356],[-77.20173,37.4463],[-77.20535,37.43969],[-77.20866,37.43362],[-77.21114,37.42902],[-77.2119,37.42755],[-77.21308,37.42542],[-77.21522,37.42148],[-77.21752,37.41723],[-77.21877,37.41499],[-77.21928,37.4144],[-77.21938,37.41385],[-77.21972,37.41288],[-77.21963,37.41263],[-77.22055,37.41167],[-77.22059,37.41129],[-77.22112,37.41076],[-77.22131,37.41024],[-77.22152,37.41014],[-77.22136,37.40961],[-77.2216,37.40955],[-77.22171,37.40877],[-77.2224,37.40754],[-77.2226,37.40761],[-77.22284,37.4071],[-77.22316,37.40699],[-77.22374,37.40654],[-77.22433,37.40626],[-77.22414,37.40593],[-77.22474,37.4058],[-77.22535,37.40588],[-77.22597,37.40537],[-77.22587,37.40508],[-77.22538,37.40485],[-77.22527,37.40461],[-77.22485,37.40455],[-77.22479,37.40433],[-77.22428,37.40387],[-77.22441,37.40318],[-77.2233,37.4027],[-77.22206,37.40136],[-77.22054,37.40061],[-77.22017,37.39998],[-77.22025,37.39943],[-77.22093,37.39914],[-77.22115,37.39869],[-77.22085,37.39762],[-77.2206,37.39745],[-77.22044,37.39695],[-77.2204,37.39621],[-77.22009,37.39596],[-77.21986,37.39551],[-77.2192,37.39508],[-77.21816,37.39496],[-77.21787,37.39505],[-77.21708,37.39495],[-77.21668,37.39463],[-77.21604,37.39437],[-77.21575,37.39438],[-77.21479,37.39382],[-77.21459,37.39352],[-77.21525,37.39271],[-77.21504,37.39244],[-77.21493,37.39139],[-77.21521,37.39042],[-77.21591,37.38955],[-77.21641,37.3895],[-77.2171,37.38839],[-77.21703,37.38757],[-77.21732,37.38706],[-77.21775,37.3867],[-77.21779,37.38633],[-77.21711,37.38597],[-77.21583,37.38602],[-77.21507,37.38593],[-77.21497,37.38575],[-77.21536,37.38528],[-77.21634,37.38471],[-77.21767,37.3843],[-77.21874,37.38388],[-77.22017,37.38388],[-77.22039,37.38372],[-77.22066,37.38303],[-77.22092,37.38279],[-77.22212,37.38227],[-77.22294,37.38237],[-77.22341,37.38232],[-77.22421,37.38162],[-77.22461,37.38157],[-77.22469,37.3809],[-77.22452,37.38041],[-77.22415,37.38041],[-77.22469,37.37976],[-77.22514,37.37997],[-77.22548,37.37985],[-77.22631,37.37997],[-77.2272,37.38038],[-77.22706,37.38059],[-77.22766,37.38106],[-77.22815,37.3809],[-77.22828,37.38121],[-77.22863,37.38141],[-77.22823,37.38216],[-77.22876,37.38229],[-77.22952,37.38293],[-77.22994,37.38289],[-77.23041,37.3826],[-77.23039,37.38223],[-77.23148,37.38217],[-77.23173,37.38232],[-77.23228,37.38209],[-77.23246,37.38243],[-77.23199,37.3826],[-77.23191,37.38285],[-77.23221,37.38345],[-77.23283,37.3833],[-77.23307,37.38299],[-77.23343,37.38302],[-77.23374,37.38248],[-77.23355,37.38223],[-77.23414,37.3822],[-77.23397,37.38161],[-77.23461,37.38156],[-77.23472,37.3819],[-77.2352,37.38227],[-77.23506,37.38247],[-77.23546,37.38273],[-77.23529,37.38374],[-77.23533,37.3842],[-77.2362,37.38477],[-77.2369,37.38577],[-77.23819,37.3861],[-77.23851,37.38643],[-77.23816,37.3867],[-77.23858,37.38722],[-77.2383,37.38747],[-77.23913,37.38807],[-77.23956,37.38804],[-77.23948,37.3885],[-77.24017,37.38842],[-77.24075,37.38866],[-77.2408,37.38844],[-77.24177,37.3887],[-77.24199,37.38858],[-77.24259,37.38891],[-77.24321,37.38969],[-77.24339,37.3906],[-77.24392,37.39092],[-77.24472,37.39108],[-77.24545,37.39073],[-77.24584,37.39109],[-77.24639,37.39087],[-77.24679,37.39121],[-77.24728,37.39229],[-77.24705,37.39284],[-77.24658,37.3929],[-77.24635,37.39318],[-77.24594,37.3931],[-77.24548,37.39272],[-77.24496,37.3927],[-77.24497,37.39293],[-77.24578,37.39381],[-77.24605,37.39448],[-77.24666,37.39469],[-77.24776,37.3945],[-77.24839,37.39485],[-77.24875,37.39473],[-77.24888,37.39363],[-77.24852,37.39297],[-77.24863,37.39276],[-77.24946,37.39232],[-77.24996,37.39218],[-77.25046,37.39236],[-77.25078,37.39228],[-77.25091,37.39193],[-77.25086,37.39134],[-77.25108,37.39063],[-77.25153,37.39018],[-77.25151,37.38989],[-77.25095,37.38944],[-77.25092,37.38907],[-77.25128,37.38872],[-77.25336,37.38792],[-77.25395,37.38761],[-77.25399,37.38717],[-77.25293,37.38664],[-77.25264,37.38662],[-77.25141,37.38692],[-77.25086,37.38688],[-77.2504,37.38665],[-77.2499,37.38603],[-77.24951,37.38525],[-77.24869,37.38428],[-77.24821,37.38329],[-77.24835,37.3826],[-77.24937,37.38221],[-77.24966,37.382],[-77.25035,37.38141],[-77.25072,37.38097],[-77.25157,37.37935],[-77.25368,37.37913],[-77.255,37.37914],[-77.25505,37.3785],[-77.2547,37.37789],[-77.25504,37.37801],[-77.25538,37.37839],[-77.25534,37.37872],[-77.25574,37.37919],[-77.25628,37.37941],[-77.25678,37.37924],[-77.25782,37.37915],[-77.25689,37.37952],[-77.25618,37.37965],[-77.25659,37.37977],[-77.2575,37.37965],[-77.25857,37.37964],[-77.25909,37.37944],[-77.25962,37.3795],[-77.26122,37.37921],[-77.26161,37.37892],[-77.2625,37.37866],[-77.26299,37.37862],[-77.26382,37.37829],[-77.26278,37.37782],[-77.26201,37.37756],[-77.26306,37.37743],[-77.26354,37.37719],[-77.26393,37.37667],[-77.26414,37.37678],[-77.26432,37.37647],[-77.2652,37.37648],[-77.26556,37.37591],[-77.26589,37.37604],[-77.26623,37.37555],[-77.26647,37.37548],[-77.267,37.37468],[-77.26753,37.37349],[-77.26779,37.37251],[-77.26779,37.37168],[-77.2679,37.37139],[-77.26787,37.3704],[-77.26767,37.36823],[-77.26753,37.36734],[-77.26761,37.36696],[-77.26725,37.36478],[-77.26723,37.36413],[-77.26701,37.36234],[-77.26703,37.36071],[-77.26741,37.35945],[-77.26784,37.35854],[-77.26826,37.35789],[-77.2697,37.3562],[-77.27138,37.35478],[-77.27273,37.35386],[-77.27303,37.35372],[-77.27263,37.35326],[-77.27708,37.35223],[-77.27826,37.35234],[-77.27971,37.35206],[-77.28141,37.35209],[-77.28223,37.35196],[-77.28334,37.35206],[-77.28504,37.35199],[-77.28646,37.35197],[-77.28785,37.35221],[-77.28936,37.35265],[-77.2908,37.35296],[-77.29175,37.35329],[-77.29283,37.35344],[-77.29352,37.35372],[-77.29447,37.35425],[-77.29607,37.35481],[-77.29766,37.35545],[-77.30082,37.35662],[-77.30239,37.3574],[-77.30379,37.35793],[-77.30513,37.3586],[-77.30537,37.35908],[-77.30668,37.36],[-77.3074,37.36085],[-77.30802,37.36141],[-77.30844,37.3622],[-77.30919,37.36273],[-77.30979,37.36396],[-77.31006,37.36482],[-77.3103,37.36528],[-77.31075,37.36578],[-77.31081,37.36687],[-77.31114,37.36849],[-77.31099,37.37008],[-77.31128,37.37083],[-77.31117,37.37123],[-77.31139,37.37233],[-77.31132,37.37261],[-77.31153,37.37328],[-77.30999,37.37449],[-77.30884,37.37517],[-77.30848,37.37558],[-77.30796,37.37662],[-77.30773,37.37734],[-77.30713,37.37769],[-77.30634,37.37846],[-77.30607,37.37883],[-77.30612,37.37935],[-77.30574,37.3798],[-77.30628,37.38001],[-77.30636,37.38044],[-77.30542,37.38009],[-77.30522,37.3807],[-77.3048,37.38145],[-77.3053,37.38186],[-77.30331,37.38457],[-77.30264,37.38543],[-77.30168,37.3869],[-77.30117,37.38751],[-77.30024,37.38896],[-77.29989,37.38933],[-77.30004,37.38887],[-77.2988,37.39065],[-77.29884,37.39084],[-77.29848,37.39176],[-77.2982,37.39209],[-77.29817,37.39268],[-77.29794,37.39329],[-77.29763,37.39456],[-77.29732,37.3967],[-77.29744,37.39854],[-77.29766,37.39979],[-77.29786,37.40205],[-77.29797,37.40244],[-77.29847,37.40275],[-77.29808,37.40273],[-77.29804,37.403],[-77.29829,37.40378],[-77.29885,37.40439],[-77.29997,37.4051],[-77.30063,37.40524],[-77.30234,37.40575],[-77.30421,37.40594],[-77.30475,37.40594],[-77.30639,37.4055],[-77.30731,37.40508],[-77.30797,37.40467],[-77.30865,37.40402],[-77.30885,37.4036],[-77.30937,37.40294],[-77.30947,37.40244],[-77.30949,37.40127],[-77.30928,37.40047],[-77.30901,37.40059],[-77.30899,37.40025],[-77.30979,37.40022],[-77.30978,37.4],[-77.30918,37.39925],[-77.30917,37.39902],[-77.30846,37.39883],[-77.30826,37.39845],[-77.30866,37.39763],[-77.30849,37.39757],[-77.30841,37.39632],[-77.30855,37.39523],[-77.30877,37.39477],[-77.30877,37.39432],[-77.30812,37.39454],[-77.30812,37.39437],[-77.30861,37.39427],[-77.30842,37.39409],[-77.3088,37.39382],[-77.30898,37.39393],[-77.30942,37.39302],[-77.30895,37.39262],[-77.30914,37.39311],[-77.30875,37.39297],[-77.3087,37.39247],[-77.30901,37.3922],[-77.30901,37.39249],[-77.30949,37.39232],[-77.30962,37.39246],[-77.31028,37.39149],[-77.31023,37.39117],[-77.31062,37.39101],[-77.31099,37.39056],[-77.31092,37.39022],[-77.31134,37.38962],[-77.31167,37.38885],[-77.31246,37.3877],[-77.3131,37.38705],[-77.31392,37.38595],[-77.31474,37.38469],[-77.31559,37.38284],[-77.31582,37.38253],[-77.31695,37.38145],[-77.31828,37.38041],[-77.31871,37.38017],[-77.32095,37.37928],[-77.3238,37.37843],[-77.32518,37.37788],[-77.3262,37.3776],[-77.32749,37.37744],[-77.32755,37.37768],[-77.32806,37.37728],[-77.32815,37.3774],[-77.32965,37.37762],[-77.33148,37.37754],[-77.33153,37.37783],[-77.33184,37.37756],[-77.33237,37.37746],[-77.33289,37.37765],[-77.33335,37.37764],[-77.33355,37.37782],[-77.33507,37.37775],[-77.33505,37.37837],[-77.3356,37.37826],[-77.33581,37.37788],[-77.33729,37.37807],[-77.33781,37.37788],[-77.33852,37.37815],[-77.33892,37.37806],[-77.34029,37.37816],[-77.34059,37.37804],[-77.34268,37.3782],[-77.34358,37.37804],[-77.34483,37.37836],[-77.34578,37.37844],[-77.34593,37.37861],[-77.34663,37.37849],[-77.34923,37.37847],[-77.35043,37.37823],[-77.35138,37.37785],[-77.3564,37.37685],[-77.35791,37.37639],[-77.35946,37.37561],[-77.36035,37.37488],[-77.36194,37.37606],[-77.36115,37.3767],[-77.36102,37.37843],[-77.36034,37.37908],[-77.3594,37.37937],[-77.35907,37.37968],[-77.35908,37.38051],[-77.35828,37.38115],[-77.35809,37.38202],[-77.35771,37.38284],[-77.35771,37.38353],[-77.35812,37.38368],[-77.35789,37.38419],[-77.35844,37.38513],[-77.35913,37.38525],[-77.35971,37.38514],[-77.35881,37.38548],[-77.35874,37.38568],[-77.35947,37.38676],[-77.36081,37.38816],[-77.36216,37.38917],[-77.3643,37.39045],[-77.36521,37.39092],[-77.36722,37.39164],[-77.36885,37.39203],[-77.3695,37.39204],[-77.37085,37.39164],[-77.37178,37.39107],[-77.37268,37.3902],[-77.37327,37.3891],[-77.37355,37.38816],[-77.37338,37.38661],[-77.37346,37.38509],[-77.37367,37.3844],[-77.37433,37.38382],[-77.37495,37.38371],[-77.3755,37.38329],[-77.37537,37.3831],[-77.37574,37.3817],[-77.37768,37.38226],[-77.37982,37.38305],[-77.38085,37.38317],[-77.38214,37.38354],[-77.38317,37.38397],[-77.38405,37.38449],[-77.38561,37.38603],[-77.38596,37.38604],[-77.38622,37.38635],[-77.38673,37.38624],[-77.38767,37.38627],[-77.38746,37.38664],[-77.38618,37.38661],[-77.38601,37.38692],[-77.38665,37.38713],[-77.38614,37.38778],[-77.3865,37.38818],[-77.38609,37.38918],[-77.38593,37.39048],[-77.38571,37.39095],[-77.38577,37.39153],[-77.38543,37.39201],[-77.38517,37.39279],[-77.38426,37.39407],[-77.38391,37.39498],[-77.38384,37.39576],[-77.38399,37.39651],[-77.38459,37.39728],[-77.38459,37.39753],[-77.38551,37.39816],[-77.38608,37.39816],[-77.38612,37.39851],[-77.38716,37.39876],[-77.38752,37.39903],[-77.38838,37.3992],[-77.38858,37.39966],[-77.38954,37.39978],[-77.38962,37.40018],[-77.39053,37.4004],[-77.39078,37.40081],[-77.39152,37.40104],[-77.39201,37.40153],[-77.39245,37.4018],[-77.39278,37.4022],[-77.39331,37.40259],[-77.39431,37.40364],[-77.39561,37.40349],[-77.39644,37.40364],[-77.39707,37.4036],[-77.39731,37.40381],[-77.39621,37.40389],[-77.39523,37.40433],[-77.39556,37.40448],[-77.39635,37.40448],[-77.39714,37.40433],[-77.39752,37.40438],[-77.39835,37.40501],[-77.39854,37.40538],[-77.39687,37.40566],[-77.3964,37.40534],[-77.39587,37.4055],[-77.39566,37.40515],[-77.39499,37.40481],[-77.39547,37.40607],[-77.39569,37.40635],[-77.39552,37.40657],[-77.39572,37.40711],[-77.3968,37.407],[-77.39707,37.40716],[-77.39566,37.40748],[-77.39593,37.40784],[-77.39578,37.4083],[-77.39605,37.41049],[-77.39611,37.41154],[-77.39626,37.4125],[-77.39656,37.41293],[-77.39638,37.41378],[-77.39668,37.41408],[-77.39671,37.41465],[-77.39697,37.41499],[-77.39722,37.4157],[-77.39762,37.41791],[-77.39801,37.41897],[-77.39831,37.42004],[-77.39875,37.42096],[-77.39908,37.42127],[-77.40029,37.42206],[-77.40059,37.42239],[-77.40165,37.42295],[-77.4029,37.42333],[-77.40307,37.42355],[-77.40428,37.42346],[-77.40448,37.42362],[-77.40572,37.42328],[-77.40561,37.4229],[-77.40526,37.42285],[-77.40461,37.42249],[-77.40409,37.42274],[-77.40362,37.42254],[-77.40312,37.42204],[-77.40257,37.42199],[-77.40171,37.4208],[-77.40157,37.42028],[-77.40171,37.41989],[-77.40221,37.41933],[-77.40234,37.41883],[-77.40301,37.418],[-77.40364,37.41788],[-77.40425,37.41841],[-77.40602,37.41962],[-77.40659,37.41982],[-77.40678,37.42007],[-77.40645,37.42077],[-77.40687,37.42169],[-77.40676,37.42242],[-77.40608,37.4228],[-77.4062,37.42306],[-77.4069,37.42306],[-77.40768,37.42283],[-77.40916,37.42259],[-77.41012,37.42228],[-77.41177,37.4219],[-77.41208,37.42175],[-77.41294,37.42162],[-77.41383,37.42169],[-77.41444,37.42161],[-77.41377,37.42101],[-77.41346,37.4199],[-77.41412,37.41973],[-77.41447,37.42043],[-77.41479,37.42085],[-77.41542,37.42122],[-77.41546,37.42147],[-77.41797,37.4214],[-77.41869,37.42128],[-77.41915,37.4215],[-77.41991,37.42153],[-77.42065,37.42182],[-77.42128,37.42232],[-77.42223,37.42273],[-77.4232,37.42332],[-77.42365,37.4235],[-77.4251,37.42437],[-77.42625,37.42542],[-77.42687,37.42615],[-77.4273,37.42688],[-77.42779,37.428],[-77.42798,37.42871],[-77.42825,37.42895],[-77.42816,37.42923],[-77.42845,37.42998],[-77.42899,37.43066],[-77.42865,37.4306],[-77.42899,37.43216],[-77.42896,37.43324],[-77.42863,37.43393],[-77.42861,37.43459],[-77.42768,37.43657],[-77.42703,37.43754],[-77.42689,37.43789],[-77.42543,37.43978],[-77.42519,37.44026],[-77.42456,37.44094],[-77.42438,37.44146],[-77.42415,37.44148],[-77.42365,37.44246],[-77.42279,37.44362],[-77.42278,37.44388],[-77.42241,37.44427],[-77.4222,37.44479],[-77.42258,37.44476],[-77.42236,37.44511],[-77.42192,37.44504],[-77.42094,37.4469],[-77.42074,37.44752],[-77.41957,37.44697],[-77.41894,37.44655],[-77.41872,37.44697],[-77.41847,37.44825],[-77.41851,37.44858],[-77.41828,37.44902],[-77.418,37.45014],[-77.41775,37.45081],[-77.41751,37.45181],[-77.41766,37.45214],[-77.41747,37.4529],[-77.41763,37.45434],[-77.4178,37.45462],[-77.41803,37.45611],[-77.41842,37.45808],[-77.41859,37.45857],[-77.41837,37.45897],[-77.41814,37.45785],[-77.4179,37.45742],[-77.41784,37.45833],[-77.41802,37.45879],[-77.41858,37.45946],[-77.41895,37.46061],[-77.41927,37.46196],[-77.41952,37.46261],[-77.41968,37.46439],[-77.41998,37.46503],[-77.41998,37.4657],[-77.42025,37.46597],[-77.42041,37.46707],[-77.42067,37.46761],[-77.42071,37.468],[-77.42016,37.46795],[-77.4207,37.46816],[-77.42109,37.46857],[-77.421,37.46876],[-77.42112,37.4697],[-77.4214,37.47062],[-77.42136,37.4711],[-77.42164,37.47131],[-77.4217,37.47239],[-77.42182,37.47268],[-77.42179,37.4742],[-77.42184,37.47516],[-77.42164,37.47753],[-77.4214,37.47841],[-77.42141,37.48018],[-77.42123,37.48103],[-77.42149,37.48126],[-77.42124,37.48151],[-77.42136,37.48343],[-77.42121,37.48384],[-77.42137,37.48461],[-77.42118,37.48518],[-77.42129,37.48546],[-77.42088,37.48589],[-77.42124,37.48599],[-77.42101,37.48681],[-77.4214,37.48712],[-77.42124,37.48792],[-77.42157,37.48822],[-77.42138,37.48853],[-77.42137,37.48948],[-77.42151,37.48968],[-77.42148,37.49028],[-77.4216,37.49076],[-77.42168,37.49195],[-77.42221,37.49372],[-77.42227,37.49433],[-77.42281,37.49614],[-77.42258,37.49715],[-77.42202,37.49784],[-77.42208,37.49812],[-77.42171,37.49899],[-77.42103,37.49978],[-77.42087,37.50013],[-77.41997,37.50133],[-77.41899,37.50234],[-77.41852,37.50297],[-77.41872,37.50314],[-77.41832,37.50321],[-77.418,37.50429],[-77.41764,37.50469],[-77.41738,37.50547],[-77.41731,37.50599],[-77.41705,37.50677],[-77.41659,37.50898],[-77.41655,37.50994],[-77.41642,37.5107],[-77.41647,37.51195],[-77.41641,37.51351],[-77.41649,37.51418],[-77.41648,37.5158],[-77.4164,37.51708],[-77.41651,37.51713],[-77.41639,37.51727],[-77.414,37.51725],[-77.41018,37.51722],[-77.40925,37.51498],[-77.40888,37.51462],[-77.40822,37.5143],[-77.40831,37.51061],[-77.40697,37.51038],[-77.40341,37.50931],[-77.40074,37.50854],[-77.39983,37.5082],[-77.39843,37.50748],[-77.39679,37.50633],[-77.39563,37.50569],[-77.39388,37.50495],[-77.39383,37.50669],[-77.39386,37.50766],[-77.39378,37.50997],[-77.39373,37.51255],[-77.39366,37.51309],[-77.39341,37.51318],[-77.39427,37.51488],[-77.39221,37.51565],[-77.39197,37.51519],[-77.38739,37.51706],[-77.3876,37.51748],[-77.38794,37.51744],[-77.38882,37.51922],[-77.3891,37.51927],[-77.39181,37.52242],[-77.39323,37.52399],[-77.39427,37.52468],[-77.39391,37.52611],[-77.39367,37.52703],[-77.39281,37.52766],[-77.39193,37.52819],[-77.39175,37.529],[-77.39131,37.53012],[-77.38604,37.52892],[-77.38551,37.53517],[-77.38797,37.53623],[-77.38778,37.53675],[-77.3906,37.53718],[-77.39325,37.5373],[-77.39396,37.53881],[-77.39341,37.53899],[-77.39451,37.54116],[-77.39365,37.54143],[-77.39499,37.54402],[-77.39616,37.54631],[-77.39582,37.54674],[-77.39553,37.54737],[-77.39508,37.54935],[-77.39496,37.54987],[-77.39942,37.54945],[-77.40438,37.55062],[-77.4072,37.55122],[-77.41171,37.55234],[-77.41154,37.55259],[-77.40946,37.55584],[-77.40831,37.55765],[-77.40894,37.55792],[-77.41269,37.55951],[-77.41325,37.56039],[-77.41343,37.56103],[-77.41344,37.56159],[-77.41365,37.56197],[-77.41415,37.56233],[-77.41524,37.56292],[-77.41468,37.56374],[-77.41405,37.56406],[-77.41158,37.56509],[-77.41101,37.56549],[-77.41034,37.56617],[-77.40978,37.56727],[-77.40951,37.56813],[-77.40951,37.56887],[-77.40967,37.56996],[-77.41001,37.57144],[-77.41036,37.57214],[-77.41193,37.57435],[-77.41322,37.57627],[-77.4136,37.57735],[-77.41361,37.57856],[-77.41332,37.57996],[-77.41864,37.58223],[-77.42311,37.58227],[-77.42484,37.58211],[-77.42859,37.58184],[-77.42978,37.58183],[-77.43058,37.5816],[-77.43091,37.5813],[-77.43119,37.58069],[-77.43144,37.58085],[-77.43366,37.58222],[-77.43805,37.58474],[-77.43935,37.58549],[-77.43803,37.5867],[-77.43769,37.58727],[-77.43753,37.58796],[-77.4379,37.5888],[-77.43803,37.58967],[-77.4374,37.59081],[-77.43743,37.59129],[-77.43815,37.59198],[-77.43872,37.5927],[-77.43972,37.59331],[-77.43995,37.59337],[-77.44085,37.59405],[-77.44094,37.59437],[-77.44071,37.59582],[-77.44076,37.59653],[-77.44051,37.59763],[-77.43974,37.59814],[-77.43876,37.59857],[-77.43828,37.59855],[-77.4379,37.5987],[-77.43762,37.59857],[-77.43762,37.59869],[-77.44006,37.59986],[-77.44313,37.60126],[-77.44361,37.60151],[-77.44751,37.60222],[-77.44758,37.60281],[-77.45026,37.60245],[-77.45433,37.6019],[-77.45524,37.60178],[-77.45448,37.5975],[-77.46063,37.59707],[-77.46584,37.59676],[-77.46606,37.59913],[-77.4669,37.59898],[-77.46876,37.59862],[-77.4709,37.5984],[-77.47547,37.59855],[-77.4768,37.59854],[-77.47782,37.59873],[-77.47815,37.59889],[-77.47825,37.59855],[-77.47785,37.59849],[-77.47722,37.59787],[-77.47834,37.59513],[-77.47913,37.5931],[-77.47942,37.59081],[-77.47936,37.58868],[-77.47921,37.58765],[-77.47833,37.58756],[-77.47804,37.58729],[-77.47577,37.58414],[-77.47571,37.58395],[-77.47409,37.58181],[-77.47385,37.58063],[-77.47253,37.57875],[-77.47309,37.57833],[-77.47682,37.57629],[-77.48027,37.57428],[-77.48237,37.57314],[-77.4886,37.57835],[-77.49065,37.58008],[-77.49087,37.58012],[-77.4929,37.58179],[-77.49353,37.58229],[-77.49381,37.58199],[-77.4982,37.57728],[-77.49967,37.57574],[-77.49994,37.5754],[-77.50052,37.57572],[-77.50339,37.57724],[-77.50649,37.57891],[-77.51181,37.58175],[-77.51194,37.58183],[-77.51325,37.58253],[-77.51416,37.58157],[-77.51496,37.582],[-77.51509,37.5818],[-77.5162,37.58216],[-77.51646,37.58167],[-77.51688,37.58199],[-77.51808,37.58272],[-77.5229,37.58606],[-77.52309,37.58608],[-77.52763,37.58919],[-77.53106,37.59149],[-77.53165,37.59195],[-77.53239,37.59248],[-77.53258,37.59157],[-77.53266,37.58939],[-77.53275,37.58939],[-77.53282,37.58836],[-77.53303,37.58708],[-77.53267,37.58556],[-77.53268,37.58527],[-77.53203,37.58257],[-77.53287,37.58213],[-77.5342,37.58418],[-77.53695,37.5817],[-77.53783,37.58136],[-77.53862,37.58289],[-77.54356,37.58155],[-77.54388,37.58133],[-77.54331,37.58104],[-77.54279,37.58093],[-77.54163,37.58047],[-77.54158,37.58023],[-77.54253,37.57963],[-77.54347,37.57857],[-77.54471,37.57735],[-77.5467,37.57563],[-77.54679,37.57522],[-77.54668,37.57433],[-77.54747,37.57254],[-77.54668,37.57234],[-77.54462,37.57139]]]}},{"type":"Feature","properties":{"jurisdiction":"Hopewell","jur_key":"hopewell"},"geometry":{"type":"Polygon","coordinates":[[[-77.27871,37.27924],[-77.27839,37.27872],[-77.27848,37.27808],[-77.27905,37.27784],[-77.27969,37.278],[-77.27999,37.27778],[-77.27984,37.27757],[-77.28018,37.2773],[-77.28054,37.27742],[-77.28133,37.27721],[-77.28164,37.2769],[-77.28215,37.27719],[-77.28243,37.27678],[-77.28213,37.27635],[-77.28219,37.27595],[-77.28275,37.27527],[-77.28422,37.27443],[-77.28545,37.27414],[-77.28687,37.2741],[-77.28913,37.27416],[-77.289,37.27369],[-77.29099,37.27322],[-77.29388,37.27271],[-77.29428,37.27231],[-77.29465,37.2717],[-77.29624,37.27132],[-77.29688,37.27125],[-77.29764,37.27074],[-77.29855,37.27055],[-77.29912,37.26993],[-77.29977,37.26952],[-77.30021,37.26913],[-77.30064,37.26828],[-77.30134,37.26784],[-77.30166,37.2674],[-77.30208,37.26719],[-77.30207,37.26652],[-77.30253,37.26577],[-77.30264,37.26495],[-77.303,37.26428],[-77.30367,37.26386],[-77.30466,37.26351],[-77.30485,37.26242],[-77.30527,37.26204],[-77.30597,37.26188],[-77.30705,37.26207],[-77.3073,37.26197],[-77.30741,37.26155],[-77.30851,37.26126],[-77.3089,37.26098],[-77.30938,37.26118],[-77.30985,37.26161],[-77.31005,37.2621],[-77.31025,37.26332],[-77.3104,37.26471],[-77.31068,37.26623],[-77.31839,37.26441],[-77.31842,37.26541],[-77.32237,37.2654],[-77.32322,37.26416],[-77.32336,37.26373],[-77.32391,37.26262],[-77.32463,37.2616],[-77.32532,37.26093],[-77.32677,37.25988],[-77.32795,37.25911],[-77.32929,37.25838],[-77.33061,37.25787],[-77.33095,37.25764],[-77.33057,37.26204],[-77.32673,37.26561],[-77.32507,37.26724],[-77.32438,37.26782],[-77.32705,37.26946],[-77.32668,37.26987],[-77.3272,37.27041],[-77.32797,37.27137],[-77.32832,37.27195],[-77.32812,37.27252],[-77.32801,37.2735],[-77.32759,37.27464],[-77.32785,37.27511],[-77.32797,37.27589],[-77.328,37.27684],[-77.3278,37.27732],[-77.32691,37.27833],[-77.32666,37.27886],[-77.32627,37.2793],[-77.32527,37.2799],[-77.32498,37.28061],[-77.32559,37.28058],[-77.32973,37.28075],[-77.32983,37.2813],[-77.32987,37.28256],[-77.33013,37.28473],[-77.33009,37.28511],[-77.32967,37.2856],[-77.32914,37.28597],[-77.32881,37.28659],[-77.32843,37.28803],[-77.32846,37.28841],[-77.32901,37.2892],[-77.32912,37.29023],[-77.32856,37.29103],[-77.32843,37.29163],[-77.32815,37.29218],[-77.32726,37.29244],[-77.32682,37.29275],[-77.32669,37.29323],[-77.33043,37.29359],[-77.3296,37.29831],[-77.33105,37.29879],[-77.33182,37.29886],[-77.33356,37.2988],[-77.33618,37.30251],[-77.33644,37.30295],[-77.33687,37.30296],[-77.33728,37.30377],[-77.33769,37.30512],[-77.33777,37.30648],[-77.33764,37.30761],[-77.33735,37.30863],[-77.33567,37.31304],[-77.33501,37.31456],[-77.33471,37.3144],[-77.33311,37.31314],[-77.33194,37.31232],[-77.33011,37.31135],[-77.32853,37.31084],[-77.32652,37.30999],[-77.32436,37.30877],[-77.32365,37.30851],[-77.32309,37.30844],[-77.32195,37.30855],[-77.32081,37.30842],[-77.31908,37.30833],[-77.31771,37.30841],[-77.31671,37.30856],[-77.31462,37.30904],[-77.31309,37.30964],[-77.31075,37.31039],[-77.3094,37.31074],[-77.30738,37.31119],[-77.30471,37.31173],[-77.30224,37.31212],[-77.30054,37.31235],[-77.29761,37.31254],[-77.29708,37.31047],[-77.29695,37.31016],[-77.29623,37.30958],[-77.29566,37.30946],[-77.29525,37.30958],[-77.29552,37.31001],[-77.29623,37.31022],[-77.29646,37.31135],[-77.29617,37.31141],[-77.2965,37.31266],[-77.29617,37.31262],[-77.29389,37.31267],[-77.29316,37.31275],[-77.29208,37.31294],[-77.29106,37.31325],[-77.28984,37.31388],[-77.28941,37.31468],[-77.28876,37.31492],[-77.28802,37.3154],[-77.28765,37.31575],[-77.28728,37.31685],[-77.28402,37.31301],[-77.2816,37.30994],[-77.28083,37.31086],[-77.27995,37.31144],[-77.27907,37.31223],[-77.27864,37.31284],[-77.27793,37.31435],[-77.27784,37.31497],[-77.27793,37.31563],[-77.27834,37.31667],[-77.27811,37.31739],[-77.27775,37.3176],[-77.27701,37.31766],[-77.27599,37.31728],[-77.27484,37.31706],[-77.27394,37.31676],[-77.27335,37.31647],[-77.27259,37.31561],[-77.27191,37.31462],[-77.27133,37.31407],[-77.27094,37.31284],[-77.27068,37.31284],[-77.26968,37.31213],[-77.27005,37.31198],[-77.27047,37.31057],[-77.27049,37.3096],[-77.27017,37.3094],[-77.2694,37.30916],[-77.2687,37.30882],[-77.26827,37.3085],[-77.26796,37.30773],[-77.26719,37.30737],[-77.26533,37.30792],[-77.26524,37.30773],[-77.26728,37.30712],[-77.26726,37.30698],[-77.26636,37.30582],[-77.26611,37.30573],[-77.26597,37.30526],[-77.26489,37.30398],[-77.26393,37.30355],[-77.26331,37.30316],[-77.26275,37.30313],[-77.26225,37.30291],[-77.26145,37.30288],[-77.26077,37.30238],[-77.26043,37.30187],[-77.25801,37.29972],[-77.2573,37.29916],[-77.25589,37.29789],[-77.25587,37.29744],[-77.25548,37.2974],[-77.25359,37.29669],[-77.25312,37.29631],[-77.25247,37.29519],[-77.25231,37.29403],[-77.25245,37.29351],[-77.25275,37.29303],[-77.25413,37.29237],[-77.25453,37.29208],[-77.25501,37.29126],[-77.25505,37.29097],[-77.25559,37.29038],[-77.25612,37.28996],[-77.25842,37.28874],[-77.25952,37.28823],[-77.26068,37.28791],[-77.26096,37.28765],[-77.26103,37.28711],[-77.26073,37.28648],[-77.26068,37.28595],[-77.26094,37.2852],[-77.26109,37.28446],[-77.26016,37.28339],[-77.26056,37.28279],[-77.26138,37.28261],[-77.26226,37.28225],[-77.26274,37.28218],[-77.26329,37.28238],[-77.26481,37.28322],[-77.26542,37.28336],[-77.26611,37.28337],[-77.26718,37.28352],[-77.26852,37.28286],[-77.26976,37.28282],[-77.27032,37.28239],[-77.27148,37.28121],[-77.27176,37.28081],[-77.27191,37.27982],[-77.27178,37.27897],[-77.27291,37.2784],[-77.27361,37.27831],[-77.27394,37.27859],[-77.27425,37.27917],[-77.27445,37.27927],[-77.27571,37.28077],[-77.27615,37.28087],[-77.27656,37.28077],[-77.2773,37.28028],[-77.27757,37.28022],[-77.2783,37.28046],[-77.27857,37.28033],[-77.27871,37.27924]]]}},{"type":"Feature","properties":{"jurisdiction":"Petersburg","jur_key":"petersburg"},"geometry":{"type":"Polygon","coordinates":[[[-77.42213,37.18027],[-77.42357,37.1806],[-77.42294,37.18118],[-77.42713,37.18454],[-77.42807,37.18502],[-77.43893,37.18716],[-77.44707,37.18882],[-77.44717,37.18861],[-77.44921,37.18904],[-77.45113,37.18833],[-77.45391,37.18768],[-77.45459,37.18747],[-77.45492,37.18762],[-77.45337,37.18886],[-77.45322,37.18888],[-77.44891,37.19236],[-77.44771,37.19345],[-77.44746,37.1935],[-77.44646,37.19426],[-77.4459,37.19514],[-77.44529,37.19649],[-77.44517,37.1972],[-77.44521,37.19795],[-77.44542,37.19953],[-77.44572,37.20112],[-77.44586,37.20222],[-77.44582,37.20292],[-77.44534,37.20432],[-77.44476,37.20539],[-77.44323,37.20797],[-77.44181,37.21056],[-77.44154,37.21125],[-77.44147,37.21223],[-77.44172,37.21308],[-77.44281,37.21545],[-77.44306,37.21631],[-77.44387,37.21631],[-77.44735,37.21591],[-77.44741,37.22307],[-77.44567,37.22316],[-77.44416,37.22344],[-77.44283,37.22348],[-77.44206,37.22342],[-77.44056,37.22356],[-77.43974,37.2238],[-77.43841,37.22432],[-77.4367,37.22466],[-77.43486,37.22491],[-77.43336,37.22503],[-77.43296,37.22525],[-77.43265,37.22587],[-77.43201,37.22659],[-77.43128,37.2271],[-77.43017,37.22754],[-77.43058,37.22795],[-77.42911,37.22862],[-77.4291,37.22933],[-77.42832,37.22965],[-77.42779,37.22947],[-77.42653,37.2295],[-77.42467,37.23012],[-77.42379,37.23051],[-77.42355,37.23079],[-77.42251,37.23115],[-77.42155,37.23111],[-77.42124,37.23124],[-77.42102,37.23182],[-77.42053,37.23204],[-77.42022,37.23201],[-77.41928,37.23249],[-77.4192,37.2323],[-77.41848,37.23215],[-77.41837,37.23235],[-77.41729,37.23268],[-77.4165,37.23321],[-77.416,37.23336],[-77.41542,37.2338],[-77.41356,37.23395],[-77.41312,37.23426],[-77.41082,37.23378],[-77.40988,37.23372],[-77.40918,37.23427],[-77.40802,37.23455],[-77.40716,37.23503],[-77.40641,37.23564],[-77.40577,37.23579],[-77.40503,37.2361],[-77.40419,37.23678],[-77.40367,37.23735],[-77.40239,37.23819],[-77.40341,37.23657],[-77.40273,37.23607],[-77.40278,37.23709],[-77.40174,37.23905],[-77.39604,37.23789],[-77.39535,37.23809],[-77.38996,37.23967],[-77.38959,37.23867],[-77.38978,37.23847],[-77.38961,37.23805],[-77.38921,37.23812],[-77.38707,37.23813],[-77.38577,37.23819],[-77.38386,37.23891],[-77.3829,37.23958],[-77.38129,37.24057],[-77.37841,37.24285],[-77.37702,37.24426],[-77.37678,37.24485],[-77.37608,37.24496],[-77.37564,37.24474],[-77.37528,37.24498],[-77.37445,37.24487],[-77.3736,37.24446],[-77.37344,37.24486],[-77.37315,37.24461],[-77.37227,37.24434],[-77.37129,37.24358],[-77.36977,37.2435],[-77.36927,37.2431],[-77.36885,37.2426],[-77.36791,37.24251],[-77.3675,37.24207],[-77.36681,37.24191],[-77.36665,37.24212],[-77.36592,37.24159],[-77.36569,37.24117],[-77.36489,37.24052],[-77.36441,37.24044],[-77.36422,37.24059],[-77.36375,37.24043],[-77.36298,37.23976],[-77.36219,37.23943],[-77.36201,37.23915],[-77.36168,37.23912],[-77.36155,37.23877],[-77.36085,37.23833],[-77.36081,37.23797],[-77.36144,37.23686],[-77.36234,37.23676],[-77.35827,37.23192],[-77.35287,37.22551],[-77.3517,37.22425],[-77.3523,37.22398],[-77.35448,37.22227],[-77.3544,37.22197],[-77.35408,37.22202],[-77.35263,37.2214],[-77.35306,37.22001],[-77.35262,37.21983],[-77.35248,37.21916],[-77.35188,37.21903],[-77.3515,37.21912],[-77.35032,37.219],[-77.35012,37.21972],[-77.34854,37.21936],[-77.34873,37.21859],[-77.34716,37.21831],[-77.34753,37.21649],[-77.34765,37.21648],[-77.34781,37.21463],[-77.34634,37.21376],[-77.34495,37.2138],[-77.34518,37.21281],[-77.34541,37.21221],[-77.34568,37.21193],[-77.34678,37.21136],[-77.34695,37.21099],[-77.3435,37.2104],[-77.3434,37.21093],[-77.34238,37.21079],[-77.34248,37.21032],[-77.34096,37.21012],[-77.33941,37.21],[-77.33983,37.20778],[-77.33884,37.20718],[-77.33756,37.20621],[-77.33653,37.20531],[-77.33567,37.20447],[-77.33284,37.20114],[-77.32977,37.1975],[-77.33332,37.19519],[-77.34092,37.19029],[-77.34213,37.18982],[-77.34315,37.18965],[-77.34094,37.18496],[-77.34121,37.1842],[-77.34604,37.18282],[-77.34575,37.17896],[-77.34676,37.17845],[-77.34568,37.17414],[-77.35122,37.17289],[-77.35114,37.17245],[-77.35479,37.17228],[-77.35541,37.17223],[-77.35677,37.17193],[-77.35918,37.17127],[-77.3595,37.17194],[-77.35979,37.1719],[-77.36072,37.17179],[-77.36238,37.17178],[-77.36237,37.17074],[-77.36342,37.17094],[-77.36342,37.17178],[-77.36539,37.17177],[-77.36554,37.17497],[-77.37014,37.17538],[-77.37194,37.17643],[-77.37689,37.17598],[-77.37645,37.1773],[-77.37644,37.17762],[-77.37602,37.17807],[-77.37611,37.17844],[-77.37664,37.17863],[-77.37713,37.17902],[-77.37715,37.17935],[-77.37684,37.17998],[-77.3767,37.18055],[-77.3815,37.17955],[-77.3814,37.17825],[-77.38501,37.17515],[-77.3921,37.17325],[-77.3961,37.17115],[-77.3992,37.17085],[-77.39927,37.17169],[-77.4049,37.17152],[-77.40594,37.17009],[-77.40658,37.16961],[-77.40714,37.16936],[-77.40869,37.16822],[-77.40981,37.16734],[-77.41074,37.16689],[-77.41147,37.16671],[-77.41519,37.16651],[-77.41547,37.16671],[-77.42347,37.1651],[-77.42379,37.17328],[-77.42094,37.17338],[-77.42118,37.17404],[-77.42151,37.17608],[-77.42207,37.17906],[-77.42198,37.17947],[-77.42213,37.18027]]]}},{"type":"Feature","properties":{"jurisdiction":"Richmond City","jur_key":"richmond_city"},"geometry":{"type":"Polygon","coordinates":[[[-77.46859,37.46332],[-77.46936,37.46304],[-77.47145,37.46243],[-77.47269,37.46162],[-77.47308,37.46076],[-77.47312,37.46045],[-77.4736,37.46017],[-77.47442,37.46081],[-77.47516,37.46097],[-77.47562,37.46086],[-77.47656,37.46099],[-77.47679,37.4607],[-77.47719,37.46061],[-77.47733,37.46035],[-77.4783,37.45968],[-77.47902,37.45903],[-77.47969,37.45888],[-77.47996,37.45979],[-77.48036,37.46031],[-77.48076,37.46155],[-77.48255,37.46115],[-77.48331,37.46022],[-77.48365,37.4602],[-77.48361,37.45988],[-77.4848,37.45908],[-77.48616,37.4591],[-77.48639,37.45902],[-77.48658,37.45841],[-77.48705,37.45793],[-77.48714,37.4576],[-77.48698,37.45723],[-77.48756,37.45707],[-77.4879,37.45661],[-77.4888,37.45572],[-77.48972,37.45575],[-77.49044,37.45629],[-77.49129,37.45643],[-77.49201,37.45719],[-77.49223,37.45825],[-77.49304,37.45875],[-77.4937,37.46019],[-77.49558,37.4597],[-77.49563,37.46009],[-77.49543,37.46091],[-77.49459,37.46198],[-77.49485,37.46263],[-77.49484,37.46295],[-77.49555,37.46313],[-77.49591,37.46359],[-77.49715,37.46419],[-77.4979,37.46433],[-77.49845,37.46471],[-77.4988,37.46518],[-77.49938,37.46525],[-77.49956,37.4649],[-77.49998,37.46451],[-77.50074,37.46401],[-77.50392,37.46563],[-77.50569,37.46671],[-77.50717,37.4677],[-77.50743,37.46764],[-77.5093,37.46926],[-77.51081,37.47082],[-77.51225,37.47248],[-77.51355,37.47485],[-77.51407,37.47594],[-77.51432,37.47704],[-77.51431,37.47778],[-77.51365,37.47912],[-77.5137,37.47925],[-77.5153,37.48],[-77.51597,37.48074],[-77.51702,37.48324],[-77.51944,37.48875],[-77.52038,37.49107],[-77.52172,37.49454],[-77.52328,37.49823],[-77.52375,37.49958],[-77.52372,37.50067],[-77.52341,37.50148],[-77.52314,37.50171],[-77.52318,37.5019],[-77.52379,37.50192],[-77.52413,37.50238],[-77.52497,37.50296],[-77.52585,37.50385],[-77.5268,37.50617],[-77.52734,37.50808],[-77.52765,37.50937],[-77.52749,37.50939],[-77.52776,37.51094],[-77.52791,37.51231],[-77.52793,37.51377],[-77.52765,37.51481],[-77.52702,37.51521],[-77.52671,37.51599],[-77.5274,37.51608],[-77.52746,37.51636],[-77.52794,37.51706],[-77.52824,37.51823],[-77.52838,37.52167],[-77.52842,37.5249],[-77.52847,37.52548],[-77.52847,37.52623],[-77.52856,37.52983],[-77.52865,37.53193],[-77.52886,37.53187],[-77.53228,37.53113],[-77.53327,37.53085],[-77.53585,37.53023],[-77.53644,37.53012],[-77.54504,37.5281],[-77.54914,37.53559],[-77.55251,37.54183],[-77.55452,37.54303],[-77.5559,37.54155],[-77.55694,37.54065],[-77.55861,37.53951],[-77.5637,37.53668],[-77.56558,37.53567],[-77.56638,37.53531],[-77.56776,37.53484],[-77.56925,37.53451],[-77.57144,37.53395],[-77.57793,37.53233],[-77.57955,37.53218],[-77.58102,37.53232],[-77.58836,37.53341],[-77.5892,37.53348],[-77.59044,37.53344],[-77.59171,37.53321],[-77.59245,37.53295],[-77.59277,37.53366],[-77.59321,37.53379],[-77.59685,37.53465],[-77.59636,37.53594],[-77.59727,37.53732],[-77.59759,37.53907],[-77.5978,37.53946],[-77.59911,37.54071],[-77.59923,37.54193],[-77.59899,37.54283],[-77.59993,37.5436],[-77.60048,37.54447],[-77.60117,37.54516],[-77.59585,37.54586],[-77.5957,37.54977],[-77.59557,37.55261],[-77.59546,37.55575],[-77.59479,37.55582],[-77.59325,37.55585],[-77.59255,37.55602],[-77.59167,37.55611],[-77.59059,37.5564],[-77.58822,37.55741],[-77.58771,37.55769],[-77.58516,37.5584],[-77.58282,37.55878],[-77.58145,37.55891],[-77.57975,37.55893],[-77.57844,37.559],[-77.57689,37.55891],[-77.57579,37.55867],[-77.57553,37.5585],[-77.57459,37.55859],[-77.57385,37.55857],[-77.57322,37.55839],[-77.5717,37.55824],[-77.57089,37.55804],[-77.5683,37.55727],[-77.56646,37.55679],[-77.56492,37.55645],[-77.56396,37.55611],[-77.56218,37.55572],[-77.56113,37.55555],[-77.56014,37.55557],[-77.5594,37.55569],[-77.55814,37.55608],[-77.55711,37.55656],[-77.55656,37.55703],[-77.55529,37.55767],[-77.5534,37.55822],[-77.552,37.55851],[-77.55089,37.55864],[-77.55005,37.55893],[-77.54882,37.5597],[-77.54779,37.56012],[-77.54694,37.56034],[-77.54591,37.56047],[-77.54468,37.56048],[-77.54416,37.5604],[-77.54394,37.56027],[-77.54134,37.5602],[-77.54044,37.56004],[-77.53856,37.55955],[-77.53705,37.55934],[-77.53684,37.55924],[-77.53488,37.55918],[-77.53235,37.55923],[-77.53111,37.55937],[-77.5297,37.55919],[-77.52949,37.55966],[-77.52647,37.56649],[-77.5263,37.56707],[-77.52585,37.56804],[-77.52586,37.56824],[-77.52651,37.56812],[-77.52856,37.56814],[-77.52976,37.56821],[-77.53264,37.5681],[-77.53476,37.56821],[-77.53535,37.56833],[-77.53615,37.56864],[-77.5361,37.56881],[-77.5364,37.5698],[-77.53646,37.57027],[-77.53691,37.57103],[-77.53708,37.57251],[-77.53902,37.57286],[-77.53973,37.57249],[-77.54137,37.57203],[-77.54223,37.57075],[-77.54306,37.57091],[-77.54462,37.57139],[-77.54668,37.57234],[-77.54747,37.57254],[-77.54668,37.57433],[-77.54679,37.57522],[-77.5467,37.57563],[-77.54471,37.57735],[-77.54347,37.57857],[-77.54253,37.57963],[-77.54158,37.58023],[-77.54163,37.58047],[-77.54279,37.58093],[-77.54331,37.58104],[-77.54388,37.58133],[-77.54356,37.58155],[-77.53862,37.58289],[-77.53783,37.58136],[-77.53695,37.5817],[-77.5342,37.58418],[-77.53287,37.58213],[-77.53203,37.58257],[-77.53268,37.58527],[-77.53267,37.58556],[-77.53303,37.58708],[-77.53282,37.58836],[-77.53275,37.58939],[-77.53266,37.58939],[-77.53258,37.59157],[-77.53239,37.59248],[-77.53165,37.59195],[-77.53106,37.59149],[-77.52763,37.58919],[-77.52309,37.58608],[-77.5229,37.58606],[-77.51808,37.58272],[-77.51688,37.58199],[-77.51646,37.58167],[-77.5162,37.58216],[-77.51509,37.5818],[-77.51496,37.582],[-77.51416,37.58157],[-77.51325,37.58253],[-77.51194,37.58183],[-77.51181,37.58175],[-77.50649,37.57891],[-77.50339,37.57724],[-77.50052,37.57572],[-77.49994,37.5754],[-77.49967,37.57574],[-77.4982,37.57728],[-77.49381,37.58199],[-77.49353,37.58229],[-77.4929,37.58179],[-77.49087,37.58012],[-77.49065,37.58008],[-77.4886,37.57835],[-77.48237,37.57314],[-77.48027,37.57428],[-77.47682,37.57629],[-77.47309,37.57833],[-77.47253,37.57875],[-77.47385,37.58063],[-77.47409,37.58181],[-77.47571,37.58395],[-77.47577,37.58414],[-77.47804,37.58729],[-77.47833,37.58756],[-77.47921,37.58765],[-77.47936,37.58868],[-77.47942,37.59081],[-77.47913,37.5931],[-77.47834,37.59513],[-77.47722,37.59787],[-77.47785,37.59849],[-77.47825,37.59855],[-77.47815,37.59889],[-77.47782,37.59873],[-77.4768,37.59854],[-77.47547,37.59855],[-77.4709,37.5984],[-77.46876,37.59862],[-77.4669,37.59898],[-77.46606,37.59913],[-77.46584,37.59676],[-77.46063,37.59707],[-77.45448,37.5975],[-77.45524,37.60178],[-77.45433,37.6019],[-77.45026,37.60245],[-77.44758,37.60281],[-77.44751,37.60222],[-77.44361,37.60151],[-77.44313,37.60126],[-77.44006,37.59986],[-77.43762,37.59869],[-77.43762,37.59857],[-77.4379,37.5987],[-77.43828,37.59855],[-77.43876,37.59857],[-77.43974,37.59814],[-77.44051,37.59763],[-77.44076,37.59653],[-77.44071,37.59582],[-77.44094,37.59437],[-77.44085,37.59405],[-77.43995,37.59337],[-77.43972,37.59331],[-77.43872,37.5927],[-77.43815,37.59198],[-77.43743,37.59129],[-77.4374,37.59081],[-77.43803,37.58967],[-77.4379,37.5888],[-77.43753,37.58796],[-77.43769,37.58727],[-77.43803,37.5867],[-77.43935,37.58549],[-77.43805,37.58474],[-77.43366,37.58222],[-77.43144,37.58085],[-77.43119,37.58069],[-77.43091,37.5813],[-77.43058,37.5816],[-77.42978,37.58183],[-77.42859,37.58184],[-77.42484,37.58211],[-77.42311,37.58227],[-77.41864,37.58223],[-77.41332,37.57996],[-77.41361,37.57856],[-77.4136,37.57735],[-77.41322,37.57627],[-77.41193,37.57435],[-77.41036,37.57214],[-77.41001,37.57144],[-77.40967,37.56996],[-77.40951,37.56887],[-77.40951,37.56813],[-77.40978,37.56727],[-77.41034,37.56617],[-77.41101,37.56549],[-77.41158,37.56509],[-77.41405,37.56406],[-77.41468,37.56374],[-77.41524,37.56292],[-77.41415,37.56233],[-77.41365,37.56197],[-77.41344,37.56159],[-77.41343,37.56103],[-77.41325,37.56039],[-77.41269,37.55951],[-77.40894,37.55792],[-77.40831,37.55765],[-77.40946,37.55584],[-77.41154,37.55259],[-77.41171,37.55234],[-77.4072,37.55122],[-77.40438,37.55062],[-77.39942,37.54945],[-77.39496,37.54987],[-77.39508,37.54935],[-77.39553,37.54737],[-77.39582,37.54674],[-77.39616,37.54631],[-77.39499,37.54402],[-77.39365,37.54143],[-77.39451,37.54116],[-77.39341,37.53899],[-77.39396,37.53881],[-77.39325,37.5373],[-77.3906,37.53718],[-77.38778,37.53675],[-77.38797,37.53623],[-77.38551,37.53517],[-77.38604,37.52892],[-77.39131,37.53012],[-77.39175,37.529],[-77.39193,37.52819],[-77.39281,37.52766],[-77.39367,37.52703],[-77.39391,37.52611],[-77.39427,37.52468],[-77.39323,37.52399],[-77.39181,37.52242],[-77.3891,37.51927],[-77.38882,37.51922],[-77.38794,37.51744],[-77.3876,37.51748],[-77.38739,37.51706],[-77.39197,37.51519],[-77.39221,37.51565],[-77.39427,37.51488],[-77.39341,37.51318],[-77.39366,37.51309],[-77.39373,37.51255],[-77.39378,37.50997],[-77.39386,37.50766],[-77.39383,37.50669],[-77.39388,37.50495],[-77.39563,37.50569],[-77.39679,37.50633],[-77.39843,37.50748],[-77.39983,37.5082],[-77.40074,37.50854],[-77.40341,37.50931],[-77.40697,37.51038],[-77.40831,37.51061],[-77.40822,37.5143],[-77.40888,37.51462],[-77.40925,37.51498],[-77.41018,37.51722],[-77.414,37.51725],[-77.41639,37.51727],[-77.41651,37.51713],[-77.4164,37.51708],[-77.41648,37.5158],[-77.41649,37.51418],[-77.41641,37.51351],[-77.41647,37.51195],[-77.41642,37.5107],[-77.41655,37.50994],[-77.41659,37.50898],[-77.41705,37.50677],[-77.41731,37.50599],[-77.41738,37.50547],[-77.41764,37.50469],[-77.418,37.50429],[-77.41832,37.50321],[-77.41872,37.50314],[-77.41852,37.50297],[-77.41899,37.50234],[-77.41997,37.50133],[-77.42087,37.50013],[-77.42103,37.49978],[-77.42171,37.49899],[-77.42208,37.49812],[-77.42202,37.49784],[-77.42258,37.49715],[-77.42281,37.49614],[-77.42227,37.49433],[-77.42221,37.49372],[-77.42168,37.49195],[-77.4216,37.49076],[-77.42148,37.49028],[-77.42151,37.48968],[-77.42137,37.48948],[-77.42138,37.48853],[-77.42157,37.48822],[-77.42124,37.48792],[-77.4214,37.48712],[-77.42101,37.48681],[-77.42124,37.48599],[-77.42088,37.48589],[-77.42129,37.48546],[-77.42118,37.48518],[-77.42137,37.48461],[-77.42121,37.48384],[-77.42136,37.48343],[-77.42124,37.48151],[-77.42149,37.48126],[-77.42123,37.48103],[-77.42141,37.48018],[-77.4214,37.47841],[-77.42164,37.47753],[-77.42184,37.47516],[-77.42179,37.4742],[-77.42182,37.47268],[-77.4217,37.47239],[-77.42164,37.47131],[-77.42136,37.4711],[-77.4214,37.47062],[-77.42112,37.4697],[-77.421,37.46876],[-77.42109,37.46857],[-77.4207,37.46816],[-77.42016,37.46795],[-77.42071,37.468],[-77.42067,37.46761],[-77.42041,37.46707],[-77.42025,37.46597],[-77.41998,37.4657],[-77.41998,37.46503],[-77.41968,37.46439],[-77.41952,37.46261],[-77.41927,37.46196],[-77.41895,37.46061],[-77.41858,37.45946],[-77.41802,37.45879],[-77.41784,37.45833],[-77.4179,37.45742],[-77.41814,37.45785],[-77.41837,37.45897],[-77.41859,37.45857],[-77.41842,37.45808],[-77.41803,37.45611],[-77.4178,37.45462],[-77.41763,37.45434],[-77.41747,37.4529],[-77.41766,37.45214],[-77.41751,37.45181],[-77.41775,37.45081],[-77.418,37.45014],[-77.41828,37.44902],[-77.41851,37.44858],[-77.41847,37.44825],[-77.41872,37.44697],[-77.41894,37.44655],[-77.41957,37.44697],[-77.42074,37.44752],[-77.42648,37.45138],[-77.42959,37.45342],[-77.42974,37.45361],[-77.43396,37.4564],[-77.43549,37.45748],[-77.43626,37.45774],[-77.44218,37.46012],[-77.44264,37.46036],[-77.44464,37.46024],[-77.44572,37.46025],[-77.44767,37.45985],[-77.4485,37.45978],[-77.44968,37.45987],[-77.4503,37.46001],[-77.45024,37.4606],[-77.45222,37.46119],[-77.45769,37.46367],[-77.45938,37.46433],[-77.46043,37.46258],[-77.46161,37.46252],[-77.46206,37.4624],[-77.46223,37.46216],[-77.46262,37.46216],[-77.46511,37.46247],[-77.46528,37.46309],[-77.46562,37.46342],[-77.46683,37.46392],[-77.46732,37.46394],[-77.46859,37.46332]]]}}]}